{
  "scenario_id": 3,
  "terrain_name": "Steep Terrain",
  "terrain_type": "Steep Slope",
  "map_size": 50.0,
  "start": [
    -14.474901900696548,
    -18.014663038644265,
    0.44283457179486413
  ],
  "goal": [
    -12.893915339250361,
    22.016694096539005,
    0.2
  ],
  "distance": 40.06256447847618,
  "max_slope": 30.0
}