{
  "scenario_id": 15,
  "terrain_name": "Steep Terrain",
  "terrain_type": "Steep Slope",
  "map_size": 50.0,
  "start": [
    0.4001490889569226,
    -18.930832041867024,
    1.2257616903349227
  ],
  "goal": [
    1.2896202726301809,
    22.6392696794843,
    0.606788503977868
  ],
  "distance": 41.57961659407265,
  "max_slope": 30.0
}