{
  "scenario_id": 16,
  "terrain_name": "Steep Terrain",
  "terrain_type": "Steep Slope",
  "map_size": 50.0,
  "start": [
    -4.828347139121437,
    -7.562563680945859,
    3.285634150974828
  ],
  "goal": [
    14.05072471714687,
    11.700053750788264,
    1.3896228014959993
  ],
  "distance": 26.97161071340548,
  "max_slope": 30.0
}