{
  "scenario_id": 0,
  "terrain_name": "Steep Terrain",
  "terrain_type": "Steep Slope",
  "map_size": 50.0,
  "start": [
    1.996627322384409,
    -10.195008285685377,
    2.9891555005389554
  ],
  "goal": [
    -3.4721908255398795,
    15.859702086715572,
    1.8219880550361933
  ],
  "distance": 26.622469917811223,
  "max_slope": 30.0
}