{
  "scenario_id": 14,
  "terrain_name": "Steep Terrain",
  "terrain_type": "Steep Slope",
  "map_size": 50.0,
  "start": [
    10.63983464075644,
    -7.342279749477939,
    2.4525719643092803
  ],
  "goal": [
    -18.765442244647023,
    -1.679091128891205,
    1.2065222294748394
  ],
  "distance": 29.945651004103855,
  "max_slope": 30.0
}