{
  "scenario_id": 18,
  "terrain_name": "Steep Terrain",
  "terrain_type": "Steep Slope",
  "map_size": 50.0,
  "start": [
    -17.903756545607497,
    -8.618546297715817,
    1.0223258501381414
  ],
  "goal": [
    -1.9789600177337725,
    7.311243230405058,
    3.882931397747063
  ],
  "distance": 22.524594088782344,
  "max_slope": 30.0
}