{
  "scenario_id": 19,
  "terrain_name": "Steep Terrain",
  "terrain_type": "Steep Slope",
  "map_size": 50.0,
  "start": [
    12.80130391069303,
    12.861526336094485,
    1.472828677970283
  ],
  "goal": [
    5.075095047632114,
    -8.7859839678775,
    3.0661113022459556
  ],
  "distance": 22.984973477387662,
  "max_slope": 30.0
}