{
  "scenario_id": 17,
  "terrain_name": "Gentle Hills",
  "terrain_type": "Gentle Slope",
  "map_size": 50.0,
  "start": [
    -8.598943686928553,
    6.165687416264657,
    1.9351224046439035
  ],
  "goal": [
    1.858610463832953,
    -9.347487459519325,
    0.2
  ],
  "distance": 18.708795619781746,
  "max_slope": 15.0,
  "validation": {
    "reachable": true,
    "validated_at": "Reachable"
  }
}