{
  "scenario_id": 18,
  "terrain_name": "Gentle Hills",
  "terrain_type": "Gentle Slope",
  "map_size": 50.0,
  "start": [
    -17.903756545607497,
    -8.618546297715817,
    0.2
  ],
  "goal": [
    -1.9789600177337725,
    7.311243230405058,
    4.332456844727011
  ],
  "distance": 22.524594088782344,
  "max_slope": 15.0,
  "validation": {
    "reachable": true,
    "validated_at": "Reachable"
  }
}