{
  "scenario_id": 6,
  "terrain_name": "Gentle Hills",
  "terrain_type": "Gentle Slope",
  "map_size": 50.0,
  "start": [
    -18.16320647104541,
    -5.430601532616937,
    0.4124209276141827
  ],
  "goal": [
    -21.32210139674183,
    17.95893191833548,
    0.2
  ],
  "distance": 23.601883234284774,
  "max_slope": 15.0,
  "validation": {
    "reachable": true,
    "validated_at": "Reachable"
  }
}