{
  "scenario_id": 94,
  "name": "complex_3d_04",
  "description": "\u8907\u96d1\u306a3D\u5730\u5f62\u3067\u306e\u7dcf\u5408\u6027\u80fd\u8a55\u4fa1 \uff08\u969c\u5bb3\u7269\u5bc6\u5ea6: 0.27, \u6700\u5927\u52fe\u914d: 33.1\u5ea6, \u7c97\u3055: 0.61\uff09",
  "terrain_params": {
    "terrain_type": "complex_3d",
    "size_x": 15.0,
    "size_y": 15.0,
    "size_z": 6.0,
    "obstacle_density": 0.26838202221214436,
    "max_slope": 33.07930832209675,
    "roughness": 0.6109408205271356,
    "narrow_passage_width": 2.501391876170921,
    "difficulty": "hard"
  },
  "robot_params": {
    "max_slope_capability": 30.0,
    "width": 0.8,
    "height": 0.6,
    "safety_margin": 0.2
  },
  "start_position": [
    0.8464194035514694,
    1.4012097650062252,
    0.0
  ],
  "goal_position": [
    13.653423078738541,
    13.770106141038461,
    0.6578505802366624
  ],
  "expected_difficulty": "hard",
  "created_at": "2025-10-17T15:18:33.185991",
  "checksum": "3f93eb309eeec969"
}