{
  "scenario_id": 12,
  "name": "gentle_slope_02",
  "description": "\u7de9\u3084\u304b\u306a\u659c\u9762\u3067\u306e\u79fb\u52d5\u6027\u80fd\u8a55\u4fa1 \uff08\u969c\u5bb3\u7269\u5bc6\u5ea6: 0.11, \u6700\u5927\u52fe\u914d: 11.8\u5ea6, \u7c97\u3055: 0.37\uff09",
  "terrain_params": {
    "terrain_type": "gentle_slope",
    "size_x": 10.0,
    "size_y": 10.0,
    "size_z": 3.0,
    "obstacle_density": 0.10882768850504829,
    "max_slope": 11.780893844877177,
    "roughness": 0.3722885704872424,
    "narrow_passage_width": 4.0,
    "difficulty": "easy"
  },
  "robot_params": {
    "max_slope_capability": 30.0,
    "width": 0.8,
    "height": 0.6,
    "safety_margin": 0.2
  },
  "start_position": [
    0.9029573312838377,
    1.3892875011026269,
    0.0
  ],
  "goal_position": [
    8.485120648903305,
    9.214650849059423,
    0.5793676914197515
  ],
  "expected_difficulty": "easy",
  "created_at": "2025-10-17T15:18:33.180823",
  "checksum": "f98a0f53f598d590"
}