{
  "scenario_id": 97,
  "name": "complex_3d_07",
  "description": "\u8907\u96d1\u306a3D\u5730\u5f62\u3067\u306e\u7dcf\u5408\u6027\u80fd\u8a55\u4fa1 \uff08\u969c\u5bb3\u7269\u5bc6\u5ea6: 0.25, \u6700\u5927\u52fe\u914d: 24.9\u5ea6, \u7c97\u3055: 0.68\uff09",
  "terrain_params": {
    "terrain_type": "complex_3d",
    "size_x": 15.0,
    "size_y": 15.0,
    "size_z": 6.0,
    "obstacle_density": 0.2547906353954936,
    "max_slope": 24.872162356260468,
    "roughness": 0.6820004593475619,
    "narrow_passage_width": 2.922697971909982,
    "difficulty": "hard"
  },
  "robot_params": {
    "max_slope_capability": 30.0,
    "width": 0.8,
    "height": 0.6,
    "safety_margin": 0.2
  },
  "start_position": [
    0.9601317439298723,
    0.7093169115223238,
    0.0
  ],
  "goal_position": [
    14.463994464854263,
    13.662358643085838,
    0.6273026365919172
  ],
  "expected_difficulty": "medium",
  "created_at": "2025-10-17T15:18:33.186121",
  "checksum": "cecf82baa5b2e0d8"
}