{
  "scenario_id": 69,
  "name": "obstacle_field_09",
  "description": "\u9ad8\u5bc6\u5ea6\u969c\u5bb3\u7269\u74b0\u5883\u3067\u306e\u56de\u907f\u80fd\u529b\u8a55\u4fa1 \uff08\u969c\u5bb3\u7269\u5bc6\u5ea6: 0.45, \u6700\u5927\u52fe\u914d: 12.7\u5ea6, \u7c97\u3055: 0.37\uff09",
  "terrain_params": {
    "terrain_type": "obstacle_field",
    "size_x": 10.0,
    "size_y": 10.0,
    "size_z": 2.0,
    "obstacle_density": 0.4490135223937153,
    "max_slope": 12.676189928231915,
    "roughness": 0.3699083255995917,
    "narrow_passage_width": 2.5,
    "difficulty": "medium"
  },
  "robot_params": {
    "max_slope_capability": 30.0,
    "width": 0.8,
    "height": 0.6,
    "safety_margin": 0.2
  },
  "start_position": [
    1.7860976403461584,
    1.1121927275979757,
    0.0
  ],
  "goal_position": [
    8.143083325645419,
    9.495441449023556,
    0.1318954447105117
  ],
  "expected_difficulty": "medium",
  "created_at": "2025-10-17T15:18:33.183827",
  "checksum": "45e2ba1a679903fb"
}