{
  "scenario_id": 26,
  "name": "steep_slope_01",
  "description": "\u6025\u659c\u9762\u3067\u306e\u767b\u5742\u80fd\u529b\u8a55\u4fa1 \uff08\u969c\u5bb3\u7269\u5bc6\u5ea6: 0.12, \u6700\u5927\u52fe\u914d: 32.1\u5ea6, \u7c97\u3055: 0.52\uff09",
  "terrain_params": {
    "terrain_type": "steep_slope",
    "size_x": 10.0,
    "size_y": 10.0,
    "size_z": 5.0,
    "obstacle_density": 0.11658956636463652,
    "max_slope": 32.05049310687948,
    "roughness": 0.5152297973181058,
    "narrow_passage_width": 3.0,
    "difficulty": "medium"
  },
  "robot_params": {
    "max_slope_capability": 30.0,
    "width": 0.8,
    "height": 0.6,
    "safety_margin": 0.2
  },
  "start_position": [
    1.5758713396542396,
    1.8135368425560008,
    0.0
  ],
  "goal_position": [
    8.778618451100133,
    8.098820038430237,
    0.44552021867755526
  ],
  "expected_difficulty": "medium",
  "created_at": "2025-10-17T15:18:33.181560",
  "checksum": "2c8eb279a1ce2d2f"
}