{
  "scenario_id": 47,
  "name": "mixed_terrain_07",
  "description": "\u591a\u69d8\u306a\u5730\u5f62\u8981\u7d20\u304c\u6df7\u5728\u3059\u308b\u74b0\u5883\u3067\u306e\u9069\u5fdc\u6027\u8a55\u4fa1 \uff08\u969c\u5bb3\u7269\u5bc6\u5ea6: 0.20, \u6700\u5927\u52fe\u914d: 26.9\u5ea6, \u7c97\u3055: 0.35\uff09",
  "terrain_params": {
    "terrain_type": "mixed_terrain",
    "size_x": 12.0,
    "size_y": 12.0,
    "size_z": 4.0,
    "obstacle_density": 0.20212137130697955,
    "max_slope": 26.86278923505301,
    "roughness": 0.34783430118034725,
    "narrow_passage_width": 3.5,
    "difficulty": "medium"
  },
  "robot_params": {
    "max_slope_capability": 30.0,
    "width": 0.8,
    "height": 0.6,
    "safety_margin": 0.2
  },
  "start_position": [
    1.980591959453029,
    1.309856444392646,
    0.0
  ],
  "goal_position": [
    10.535169145727219,
    11.080624031134793,
    0.9960233525594304
  ],
  "expected_difficulty": "medium",
  "created_at": "2025-10-17T15:18:33.182711",
  "checksum": "6aa785881f574db8"
}