{
  "scenario_id": 33,
  "name": "steep_slope_08",
  "description": "\u6025\u659c\u9762\u3067\u306e\u767b\u5742\u80fd\u529b\u8a55\u4fa1 \uff08\u969c\u5bb3\u7269\u5bc6\u5ea6: 0.15, \u6700\u5927\u52fe\u914d: 28.1\u5ea6, \u7c97\u3055: 0.43\uff09",
  "terrain_params": {
    "terrain_type": "steep_slope",
    "size_x": 10.0,
    "size_y": 10.0,
    "size_z": 5.0,
    "obstacle_density": 0.15266037588318865,
    "max_slope": 28.125472929771373,
    "roughness": 0.4282586284122118,
    "narrow_passage_width": 3.0,
    "difficulty": "medium"
  },
  "robot_params": {
    "max_slope_capability": 30.0,
    "width": 0.8,
    "height": 0.6,
    "safety_margin": 0.2
  },
  "start_position": [
    1.9093179843050232,
    0.8993413032150684,
    0.0
  ],
  "goal_position": [
    9.035820974392339,
    9.01756593030411,
    0.24503550825866388
  ],
  "expected_difficulty": "easy",
  "created_at": "2025-10-17T15:18:33.181936",
  "checksum": "b67f668142f0a0d2"
}