{
  "scenario_id": 31,
  "name": "steep_slope_06",
  "description": "\u6025\u659c\u9762\u3067\u306e\u767b\u5742\u80fd\u529b\u8a55\u4fa1 \uff08\u969c\u5bb3\u7269\u5bc6\u5ea6: 0.13, \u6700\u5927\u52fe\u914d: 29.7\u5ea6, \u7c97\u3055: 0.59\uff09",
  "terrain_params": {
    "terrain_type": "steep_slope",
    "size_x": 10.0,
    "size_y": 10.0,
    "size_z": 5.0,
    "obstacle_density": 0.12504245174896306,
    "max_slope": 29.663897929204115,
    "roughness": 0.5924688500547871,
    "narrow_passage_width": 3.0,
    "difficulty": "medium"
  },
  "robot_params": {
    "max_slope_capability": 30.0,
    "width": 0.8,
    "height": 0.6,
    "safety_margin": 0.2
  },
  "start_position": [
    1.831410405582339,
    1.2002267320865871,
    0.0
  ],
  "goal_position": [
    8.913789099311082,
    8.934990607052404,
    0.23662850930220242
  ],
  "expected_difficulty": "easy",
  "created_at": "2025-10-17T15:18:33.181836",
  "checksum": "d6e232f25cc1a9d9"
}