{
  "scenario_id": 42,
  "name": "mixed_terrain_02",
  "description": "\u591a\u69d8\u306a\u5730\u5f62\u8981\u7d20\u304c\u6df7\u5728\u3059\u308b\u74b0\u5883\u3067\u306e\u9069\u5fdc\u6027\u8a55\u4fa1 \uff08\u969c\u5bb3\u7269\u5bc6\u5ea6: 0.24, \u6700\u5927\u52fe\u914d: 17.7\u5ea6, \u7c97\u3055: 0.56\uff09",
  "terrain_params": {
    "terrain_type": "mixed_terrain",
    "size_x": 12.0,
    "size_y": 12.0,
    "size_z": 4.0,
    "obstacle_density": 0.23824153275757243,
    "max_slope": 17.671340767315765,
    "roughness": 0.5584328557308635,
    "narrow_passage_width": 3.5,
    "difficulty": "medium"
  },
  "robot_params": {
    "max_slope_capability": 30.0,
    "width": 0.8,
    "height": 0.6,
    "safety_margin": 0.2
  },
  "start_position": [
    0.9029573312838377,
    1.3892875011026269,
    0.0
  ],
  "goal_position": [
    10.485120648903305,
    11.214650849059423,
    0.7724902552263354
  ],
  "expected_difficulty": "easy",
  "created_at": "2025-10-17T15:18:33.182474",
  "checksum": "0d472fff9f5d6ae9"
}