{
  "scenario_id": 84,
  "name": "narrow_passage_04",
  "description": "\u72ed\u3044\u901a\u8def\u3067\u306e\u7cbe\u5bc6\u5236\u5fa1\u8a55\u4fa1 \uff08\u969c\u5bb3\u7269\u5bc6\u5ea6: 0.53, \u6700\u5927\u52fe\u914d: 5.5\u5ea6, \u7c97\u3055: 0.49\uff09",
  "terrain_params": {
    "terrain_type": "narrow_passage",
    "size_x": 10.0,
    "size_y": 10.0,
    "size_z": 2.0,
    "obstacle_density": 0.5318000933227698,
    "max_slope": 5.540218744077858,
    "roughness": 0.48519035660334087,
    "narrow_passage_width": 1.4112174089405007,
    "difficulty": "hard"
  },
  "robot_params": {
    "max_slope_capability": 30.0,
    "width": 0.8,
    "height": 0.6,
    "safety_margin": 0.2
  },
  "start_position": [
    0.8948825269032037,
    1.4405720173724155,
    0.0
  ],
  "goal_position": [
    9.18180094566861,
    8.480813042033445,
    0.35466706923805785
  ],
  "expected_difficulty": "hard",
  "created_at": "2025-10-17T15:18:33.185436",
  "checksum": "5ed38123e259e179"
}