{
  "scenario_id": 25,
  "name": "steep_slope_00",
  "description": "\u6025\u659c\u9762\u3067\u306e\u767b\u5742\u80fd\u529b\u8a55\u4fa1 \uff08\u969c\u5bb3\u7269\u5bc6\u5ea6: 0.15, \u6700\u5927\u52fe\u914d: 29.4\u5ea6, \u7c97\u3055: 0.42\uff09",
  "terrain_params": {
    "terrain_type": "steep_slope",
    "size_x": 10.0,
    "size_y": 10.0,
    "size_z": 5.0,
    "obstacle_density": 0.1511626566375249,
    "max_slope": 29.414902390700973,
    "roughness": 0.42009793622497554,
    "narrow_passage_width": 3.0,
    "difficulty": "medium"
  },
  "robot_params": {
    "max_slope_capability": 30.0,
    "width": 0.8,
    "height": 0.6,
    "safety_margin": 0.2
  },
  "start_position": [
    0.7953450048474382,
    0.7502907299881073,
    0.0
  ],
  "goal_position": [
    8.266078955637013,
    8.12908542709144,
    0.4571750576600913
  ],
  "expected_difficulty": "easy",
  "created_at": "2025-10-17T15:18:33.181509",
  "checksum": "10094a9d4ac5233c"
}