{
  "scenario_id": 22,
  "name": "gentle_slope_12",
  "description": "\u7de9\u3084\u304b\u306a\u659c\u9762\u3067\u306e\u79fb\u52d5\u6027\u80fd\u8a55\u4fa1 \uff08\u969c\u5bb3\u7269\u5bc6\u5ea6: 0.06, \u6700\u5927\u52fe\u914d: 18.6\u5ea6, \u7c97\u3055: 0.31\uff09",
  "terrain_params": {
    "terrain_type": "gentle_slope",
    "size_x": 10.0,
    "size_y": 10.0,
    "size_z": 3.0,
    "obstacle_density": 0.06157073279290011,
    "max_slope": 18.62034568613626,
    "roughness": 0.3066623643058926,
    "narrow_passage_width": 4.0,
    "difficulty": "easy"
  },
  "robot_params": {
    "max_slope_capability": 30.0,
    "width": 0.8,
    "height": 0.6,
    "safety_margin": 0.2
  },
  "start_position": [
    0.8531302969463604,
    0.7139096094653656,
    0.0
  ],
  "goal_position": [
    9.435762118055415,
    8.751480364915167,
    0.6254996552177202
  ],
  "expected_difficulty": "easy",
  "created_at": "2025-10-17T15:18:33.181354",
  "checksum": "bad84c8a784902e6"
}