{
  "scenario_id": 78,
  "name": "obstacle_field_18",
  "description": "\u9ad8\u5bc6\u5ea6\u969c\u5bb3\u7269\u74b0\u5883\u3067\u306e\u56de\u907f\u80fd\u529b\u8a55\u4fa1 \uff08\u969c\u5bb3\u7269\u5bc6\u5ea6: 0.40, \u6700\u5927\u52fe\u914d: 13.3\u5ea6, \u7c97\u3055: 0.30\uff09",
  "terrain_params": {
    "terrain_type": "obstacle_field",
    "size_x": 10.0,
    "size_y": 10.0,
    "size_z": 2.0,
    "obstacle_density": 0.3952296220305566,
    "max_slope": 13.346209561446583,
    "roughness": 0.30379923294332606,
    "narrow_passage_width": 2.5,
    "difficulty": "medium"
  },
  "robot_params": {
    "max_slope_capability": 30.0,
    "width": 0.8,
    "height": 0.6,
    "safety_margin": 0.2
  },
  "start_position": [
    0.6369364256628687,
    1.0214810799155793,
    0.0
  ],
  "goal_position": [
    8.305022158017454,
    8.066678074096034,
    0.02360450630968893
  ],
  "expected_difficulty": "medium",
  "created_at": "2025-10-17T15:18:33.184718",
  "checksum": "64323ed5a0d012ab"
}