{
  "scenario_id": 39,
  "name": "steep_slope_14",
  "description": "\u6025\u659c\u9762\u3067\u306e\u767b\u5742\u80fd\u529b\u8a55\u4fa1 \uff08\u969c\u5bb3\u7269\u5bc6\u5ea6: 0.19, \u6700\u5927\u52fe\u914d: 26.4\u5ea6, \u7c97\u3055: 0.42\uff09",
  "terrain_params": {
    "terrain_type": "steep_slope",
    "size_x": 10.0,
    "size_y": 10.0,
    "size_z": 5.0,
    "obstacle_density": 0.1904501573602429,
    "max_slope": 26.38005096042536,
    "roughness": 0.41797239478956777,
    "narrow_passage_width": 3.0,
    "difficulty": "medium"
  },
  "robot_params": {
    "max_slope_capability": 30.0,
    "width": 0.8,
    "height": 0.6,
    "safety_margin": 0.2
  },
  "start_position": [
    1.9625896844215163,
    1.6939805716005651,
    0.0
  ],
  "goal_position": [
    8.410578990571453,
    8.26455056011326,
    0.5648523719501841
  ],
  "expected_difficulty": "easy",
  "created_at": "2025-10-17T15:18:33.182236",
  "checksum": "9d3e1ace41933f4f"
}