{
  "scenario_id": 19,
  "name": "gentle_slope_09",
  "description": "\u7de9\u3084\u304b\u306a\u659c\u9762\u3067\u306e\u79fb\u52d5\u6027\u80fd\u8a55\u4fa1 \uff08\u969c\u5bb3\u7269\u5bc6\u5ea6: 0.10, \u6700\u5927\u52fe\u914d: 19.7\u5ea6, \u7c97\u3055: 0.20\uff09",
  "terrain_params": {
    "terrain_type": "gentle_slope",
    "size_x": 10.0,
    "size_y": 10.0,
    "size_z": 3.0,
    "obstacle_density": 0.10110055230421182,
    "max_slope": 19.684721514514717,
    "roughness": 0.20003099012802994,
    "narrow_passage_width": 4.0,
    "difficulty": "easy"
  },
  "robot_params": {
    "max_slope_capability": 30.0,
    "width": 0.8,
    "height": 0.6,
    "safety_margin": 0.2
  },
  "start_position": [
    1.5104257885654433,
    1.0514880993796143,
    0.0
  ],
  "goal_position": [
    8.651832339222883,
    8.898369621169678,
    0.11275160470308794
  ],
  "expected_difficulty": "easy",
  "created_at": "2025-10-17T15:18:33.181201",
  "checksum": "a1521983ca3e772d"
}