{
  "scenario_id": 88,
  "name": "narrow_passage_08",
  "description": "\u72ed\u3044\u901a\u8def\u3067\u306e\u7cbe\u5bc6\u5236\u5fa1\u8a55\u4fa1 \uff08\u969c\u5bb3\u7269\u5bc6\u5ea6: 0.54, \u6700\u5927\u52fe\u914d: 19.4\u5ea6, \u7c97\u3055: 0.42\uff09",
  "terrain_params": {
    "terrain_type": "narrow_passage",
    "size_x": 10.0,
    "size_y": 10.0,
    "size_z": 2.0,
    "obstacle_density": 0.540666162803181,
    "max_slope": 19.44302873829916,
    "roughness": 0.4241943078050828,
    "narrow_passage_width": 1.257231540996868,
    "difficulty": "hard"
  },
  "robot_params": {
    "max_slope_capability": 30.0,
    "width": 0.8,
    "height": 0.6,
    "safety_margin": 0.2
  },
  "start_position": [
    1.6652452114278578,
    0.9181621608792678,
    0.0
  ],
  "goal_position": [
    8.292803619699946,
    9.209495000171232,
    0.16178040355596748
  ],
  "expected_difficulty": "hard",
  "created_at": "2025-10-17T15:18:33.185694",
  "checksum": "57d7cadff9b6c6d7"
}