{
  "scenario_id": 16,
  "name": "gentle_slope_06",
  "description": "\u7de9\u3084\u304b\u306a\u659c\u9762\u3067\u306e\u79fb\u52d5\u6027\u80fd\u8a55\u4fa1 \uff08\u969c\u5bb3\u7269\u5bc6\u5ea6: 0.07, \u6700\u5927\u52fe\u914d: 14.9\u5ea6, \u7c97\u3055: 0.23\uff09",
  "terrain_params": {
    "terrain_type": "gentle_slope",
    "size_x": 10.0,
    "size_y": 10.0,
    "size_z": 3.0,
    "obstacle_density": 0.06655943278680242,
    "max_slope": 14.850326746336457,
    "roughness": 0.22767247404758104,
    "narrow_passage_width": 4.0,
    "difficulty": "easy"
  },
  "robot_params": {
    "max_slope_capability": 30.0,
    "width": 0.8,
    "height": 0.6,
    "safety_margin": 0.2
  },
  "start_position": [
    0.8658982463077619,
    1.5195242992975138,
    0.0
  ],
  "goal_position": [
    8.977772507675276,
    8.338081996416252,
    0.14971381835313813
  ],
  "expected_difficulty": "easy",
  "created_at": "2025-10-17T15:18:33.181039",
  "checksum": "d6a524f93a3a6a24"
}