{
  "scenario_id": 54,
  "name": "mixed_terrain_14",
  "description": "\u591a\u69d8\u306a\u5730\u5f62\u8981\u7d20\u304c\u6df7\u5728\u3059\u308b\u74b0\u5883\u3067\u306e\u9069\u5fdc\u6027\u8a55\u4fa1 \uff08\u969c\u5bb3\u7269\u5bc6\u5ea6: 0.23, \u6700\u5927\u52fe\u914d: 28.1\u5ea6, \u7c97\u3055: 0.54\uff09",
  "terrain_params": {
    "terrain_type": "mixed_terrain",
    "size_x": 12.0,
    "size_y": 12.0,
    "size_z": 4.0,
    "obstacle_density": 0.22552939027334395,
    "max_slope": 28.098629325206037,
    "roughness": 0.5371667319647646,
    "narrow_passage_width": 3.5,
    "difficulty": "medium"
  },
  "robot_params": {
    "max_slope_capability": 30.0,
    "width": 0.8,
    "height": 0.6,
    "safety_margin": 0.2
  },
  "start_position": [
    1.3659221111716366,
    0.8012715952949112,
    0.0
  ],
  "goal_position": [
    11.488001364586122,
    11.43010667933284,
    0.034980571423796826
  ],
  "expected_difficulty": "medium",
  "created_at": "2025-10-17T15:18:33.183045",
  "checksum": "3ea6cbbd530cafc6"
}