{
  "scenario_id": 71,
  "name": "obstacle_field_11",
  "description": "\u9ad8\u5bc6\u5ea6\u969c\u5bb3\u7269\u74b0\u5883\u3067\u306e\u56de\u907f\u80fd\u529b\u8a55\u4fa1 \uff08\u969c\u5bb3\u7269\u5bc6\u5ea6: 0.50, \u6700\u5927\u52fe\u914d: 11.1\u5ea6, \u7c97\u3055: 0.38\uff09",
  "terrain_params": {
    "terrain_type": "obstacle_field",
    "size_x": 10.0,
    "size_y": 10.0,
    "size_z": 2.0,
    "obstacle_density": 0.4998356153794206,
    "max_slope": 11.119989812802267,
    "roughness": 0.3806362658110845,
    "narrow_passage_width": 2.5,
    "difficulty": "medium"
  },
  "robot_params": {
    "max_slope_capability": 30.0,
    "width": 0.8,
    "height": 0.6,
    "safety_margin": 0.2
  },
  "start_position": [
    1.448021633339363,
    1.3281906515408708,
    0.0
  ],
  "goal_position": [
    8.91996942243773,
    9.36755131559359,
    0.21536066597854336
  ],
  "expected_difficulty": "medium",
  "created_at": "2025-10-17T15:18:33.184010",
  "checksum": "fdc0760e32795d18"
}