{
  "scenario_id": 28,
  "name": "steep_slope_03",
  "description": "\u6025\u659c\u9762\u3067\u306e\u767b\u5742\u80fd\u529b\u8a55\u4fa1 \uff08\u969c\u5bb3\u7269\u5bc6\u5ea6: 0.17, \u6700\u5927\u52fe\u914d: 34.7\u5ea6, \u7c97\u3055: 0.58\uff09",
  "terrain_params": {
    "terrain_type": "steep_slope",
    "size_x": 10.0,
    "size_y": 10.0,
    "size_z": 5.0,
    "obstacle_density": 0.17137659506876252,
    "max_slope": 34.71128481405697,
    "roughness": 0.5819892634944026,
    "narrow_passage_width": 3.0,
    "difficulty": "medium"
  },
  "robot_params": {
    "max_slope_capability": 30.0,
    "width": 0.8,
    "height": 0.6,
    "safety_margin": 0.2
  },
  "start_position": [
    1.3378382062520786,
    1.0678711494963462,
    0.0
  ],
  "goal_position": [
    9.088470892285537,
    8.595290984783606,
    0.7150470982197071
  ],
  "expected_difficulty": "medium",
  "created_at": "2025-10-17T15:18:33.181663",
  "checksum": "2b0ff61e0d7c0111"
}