{
  "scenario_id": 82,
  "name": "narrow_passage_02",
  "description": "\u72ed\u3044\u901a\u8def\u3067\u306e\u7cbe\u5bc6\u5236\u5fa1\u8a55\u4fa1 \uff08\u969c\u5bb3\u7269\u5bc6\u5ea6: 0.47, \u6700\u5927\u52fe\u914d: 12.5\u5ea6, \u7c97\u3055: 0.46\uff09",
  "terrain_params": {
    "terrain_type": "narrow_passage",
    "size_x": 10.0,
    "size_y": 10.0,
    "size_z": 2.0,
    "obstacle_density": 0.4654255720921739,
    "max_slope": 12.460492722018692,
    "roughness": 0.45532950801694844,
    "narrow_passage_width": 1.9530045550390909,
    "difficulty": "hard"
  },
  "robot_params": {
    "max_slope_capability": 30.0,
    "width": 0.8,
    "height": 0.6,
    "safety_margin": 0.2
  },
  "start_position": [
    1.2102663773133302,
    1.4012914049112508,
    0.0
  ],
  "goal_position": [
    8.901751031333392,
    8.412739832825373,
    0.551821256007501
  ],
  "expected_difficulty": "hard",
  "created_at": "2025-10-17T15:18:33.185205",
  "checksum": "042353fc86824d0e"
}