{
  "scenario_id": 96,
  "name": "complex_3d_06",
  "description": "\u8907\u96d1\u306a3D\u5730\u5f62\u3067\u306e\u7dcf\u5408\u6027\u80fd\u8a55\u4fa1 \uff08\u969c\u5bb3\u7269\u5bc6\u5ea6: 0.35, \u6700\u5927\u52fe\u914d: 29.9\u5ea6, \u7c97\u3055: 0.66\uff09",
  "terrain_params": {
    "terrain_type": "complex_3d",
    "size_x": 15.0,
    "size_y": 15.0,
    "size_z": 6.0,
    "obstacle_density": 0.34753549577420156,
    "max_slope": 29.92388700887438,
    "roughness": 0.6642451299993846,
    "narrow_passage_width": 2.9631084499677867,
    "difficulty": "hard"
  },
  "robot_params": {
    "max_slope_capability": 30.0,
    "width": 0.8,
    "height": 0.6,
    "safety_margin": 0.2
  },
  "start_position": [
    1.960263308942645,
    0.6485736192041055,
    0.0
  ],
  "goal_position": [
    13.90871745775466,
    13.443339718308938,
    0.8790293382092867
  ],
  "expected_difficulty": "medium",
  "created_at": "2025-10-17T15:18:33.186078",
  "checksum": "e4fd572d2e825733"
}