{
  "scenario_id": 89,
  "name": "narrow_passage_09",
  "description": "\u72ed\u3044\u901a\u8def\u3067\u306e\u7cbe\u5bc6\u5236\u5fa1\u8a55\u4fa1 \uff08\u969c\u5bb3\u7269\u5bc6\u5ea6: 0.48, \u6700\u5927\u52fe\u914d: 17.5\u5ea6, \u7c97\u3055: 0.40\uff09",
  "terrain_params": {
    "terrain_type": "narrow_passage",
    "size_x": 10.0,
    "size_y": 10.0,
    "size_z": 2.0,
    "obstacle_density": 0.48065082123381864,
    "max_slope": 17.496501110256432,
    "roughness": 0.39593014321427533,
    "narrow_passage_width": 1.3977343598919352,
    "difficulty": "hard"
  },
  "robot_params": {
    "max_slope_capability": 30.0,
    "width": 0.8,
    "height": 0.6,
    "safety_margin": 0.2
  },
  "start_position": [
    1.0415758758784652,
    1.4561590865108522,
    0.0
  ],
  "goal_position": [
    9.45634795036901,
    8.461582555179278,
    0.12934242051054506
  ],
  "expected_difficulty": "hard",
  "created_at": "2025-10-17T15:18:33.185738",
  "checksum": "30da48c452cad97b"
}