{
  "scenario_id": 9,
  "name": "flat_terrain_09",
  "description": "\u5e73\u5766\u306a\u5730\u5f62\u3067\u306e\u30d9\u30fc\u30b9\u30e9\u30a4\u30f3\u8a55\u4fa1 \uff08\u969c\u5bb3\u7269\u5bc6\u5ea6: 0.00, \u6700\u5927\u52fe\u914d: 2.8\u5ea6, \u7c97\u3055: 0.17\uff09",
  "terrain_params": {
    "terrain_type": "flat_terrain",
    "size_x": 10.0,
    "size_y": 10.0,
    "size_z": 0.5,
    "obstacle_density": 0.002471066295614055,
    "max_slope": 2.770958642424982,
    "roughness": 0.16589917015729672,
    "narrow_passage_width": 5.0,
    "difficulty": "easy"
  },
  "robot_params": {
    "max_slope_capability": 30.0,
    "width": 0.8,
    "height": 0.6,
    "safety_margin": 0.2
  },
  "start_position": [
    0.5628579058002002,
    1.6918145835709804,
    0.0
  ],
  "goal_position": [
    8.953880731097545,
    8.156620707011847,
    0.03939317039405013
  ],
  "expected_difficulty": "easy",
  "created_at": "2025-10-17T15:18:33.180635",
  "checksum": "e8e438264a4f0262"
}