{
  "scenario_id": 24,
  "name": "gentle_slope_14",
  "description": "\u7de9\u3084\u304b\u306a\u659c\u9762\u3067\u306e\u79fb\u52d5\u6027\u80fd\u8a55\u4fa1 \uff08\u969c\u5bb3\u7269\u5bc6\u5ea6: 0.10, \u6700\u5927\u52fe\u914d: 18.7\u5ea6, \u7c97\u3055: 0.36\uff09",
  "terrain_params": {
    "terrain_type": "gentle_slope",
    "size_x": 10.0,
    "size_y": 10.0,
    "size_z": 3.0,
    "obstacle_density": 0.10035292684889596,
    "max_slope": 18.732419550137358,
    "roughness": 0.3581111546431765,
    "narrow_passage_width": 4.0,
    "difficulty": "easy"
  },
  "robot_params": {
    "max_slope_capability": 30.0,
    "width": 0.8,
    "height": 0.6,
    "safety_margin": 0.2
  },
  "start_position": [
    1.3659221111716366,
    0.8012715952949112,
    0.0
  ],
  "goal_position": [
    9.488001364586122,
    9.43010667933284,
    0.026235428567847614
  ],
  "expected_difficulty": "easy",
  "created_at": "2025-10-17T15:18:33.181457",
  "checksum": "7740ef71d9d1cb97"
}