{
  "scenario_id": 63,
  "name": "obstacle_field_03",
  "description": "\u9ad8\u5bc6\u5ea6\u969c\u5bb3\u7269\u74b0\u5883\u3067\u306e\u56de\u907f\u80fd\u529b\u8a55\u4fa1 \uff08\u969c\u5bb3\u7269\u5bc6\u5ea6: 0.30, \u6700\u5927\u52fe\u914d: 13.2\u5ea6, \u7c97\u3055: 0.27\uff09",
  "terrain_params": {
    "terrain_type": "obstacle_field",
    "size_x": 10.0,
    "size_y": 10.0,
    "size_z": 2.0,
    "obstacle_density": 0.3024521658011455,
    "max_slope": 13.181926119484821,
    "roughness": 0.26722400644953,
    "narrow_passage_width": 2.5,
    "difficulty": "medium"
  },
  "robot_params": {
    "max_slope_capability": 30.0,
    "width": 0.8,
    "height": 0.6,
    "safety_margin": 0.2
  },
  "start_position": [
    1.9519996850304902,
    0.9634017379495772,
    0.0
  ],
  "goal_position": [
    9.039312102467823,
    8.672898996286243,
    0.36176339305431976
  ],
  "expected_difficulty": "medium",
  "created_at": "2025-10-17T15:18:33.183548",
  "checksum": "ebba5e11e5cbcddb"
}