{
  "scenario_id": 13,
  "name": "gentle_slope_03",
  "description": "\u7de9\u3084\u304b\u306a\u659c\u9762\u3067\u306e\u79fb\u52d5\u6027\u80fd\u8a55\u4fa1 \uff08\u969c\u5bb3\u7269\u5bc6\u5ea6: 0.07, \u6700\u5927\u52fe\u914d: 13.1\u5ea6, \u7c97\u3055: 0.20\uff09",
  "terrain_params": {
    "terrain_type": "gentle_slope",
    "size_x": 10.0,
    "size_y": 10.0,
    "size_z": 3.0,
    "obstacle_density": 0.07448878743312373,
    "max_slope": 13.124286015619774,
    "roughness": 0.20001682482420938,
    "narrow_passage_width": 4.0,
    "difficulty": "easy"
  },
  "robot_params": {
    "max_slope_capability": 30.0,
    "width": 0.8,
    "height": 0.6,
    "safety_margin": 0.2
  },
  "start_position": [
    0.7835058287417027,
    1.510597282264285,
    0.0
  ],
  "goal_position": [
    8.421803152565513,
    9.380205873773207,
    0.764625922859361
  ],
  "expected_difficulty": "easy",
  "created_at": "2025-10-17T15:18:33.180879",
  "checksum": "054806eff2e11f1f"
}