{
  "scenario_id": 36,
  "name": "steep_slope_11",
  "description": "\u6025\u659c\u9762\u3067\u306e\u767b\u5742\u80fd\u529b\u8a55\u4fa1 \uff08\u969c\u5bb3\u7269\u5bc6\u5ea6: 0.17, \u6700\u5927\u52fe\u914d: 28.0\u5ea6, \u7c97\u3055: 0.42\uff09",
  "terrain_params": {
    "terrain_type": "steep_slope",
    "size_x": 10.0,
    "size_y": 10.0,
    "size_z": 5.0,
    "obstacle_density": 0.16829200681364875,
    "max_slope": 28.0385229328773,
    "roughness": 0.41846945172404015,
    "narrow_passage_width": 3.0,
    "difficulty": "medium"
  },
  "robot_params": {
    "max_slope_capability": 30.0,
    "width": 0.8,
    "height": 0.6,
    "safety_margin": 0.2
  },
  "start_position": [
    1.5479272164703808,
    1.7472551654632125,
    0.0
  ],
  "goal_position": [
    8.211047919123056,
    8.020838426551121,
    0.019354047409235298
  ],
  "expected_difficulty": "easy",
  "created_at": "2025-10-17T15:18:33.182088",
  "checksum": "7a12bdfc26c44fd1"
}