{
  "scenario_id": 77,
  "name": "obstacle_field_17",
  "description": "\u9ad8\u5bc6\u5ea6\u969c\u5bb3\u7269\u74b0\u5883\u3067\u306e\u56de\u907f\u80fd\u529b\u8a55\u4fa1 \uff08\u969c\u5bb3\u7269\u5bc6\u5ea6: 0.35, \u6700\u5927\u52fe\u914d: 11.7\u5ea6, \u7c97\u3055: 0.22\uff09",
  "terrain_params": {
    "terrain_type": "obstacle_field",
    "size_x": 10.0,
    "size_y": 10.0,
    "size_z": 2.0,
    "obstacle_density": 0.35183494393214126,
    "max_slope": 11.661239397994429,
    "roughness": 0.21956232282680255,
    "narrow_passage_width": 2.5,
    "difficulty": "medium"
  },
  "robot_params": {
    "max_slope_capability": 30.0,
    "width": 0.8,
    "height": 0.6,
    "safety_margin": 0.2
  },
  "start_position": [
    0.5437615475578339,
    0.9111881082196867,
    0.0
  ],
  "goal_position": [
    8.637332576636716,
    9.216276677444794,
    0.17660600370684293
  ],
  "expected_difficulty": "medium",
  "created_at": "2025-10-17T15:18:33.184617",
  "checksum": "db305491c99b3518"
}