{
  "scenario_id": 1,
  "name": "flat_terrain_01",
  "description": "\u5e73\u5766\u306a\u5730\u5f62\u3067\u306e\u30d9\u30fc\u30b9\u30e9\u30a4\u30f3\u8a55\u4fa1 \uff08\u969c\u5bb3\u7269\u5bc6\u5ea6: 0.04, \u6700\u5927\u52fe\u914d: 0.2\u5ea6, \u7c97\u3055: 0.04\uff09",
  "terrain_params": {
    "terrain_type": "flat_terrain",
    "size_x": 10.0,
    "size_y": 10.0,
    "size_z": 0.5,
    "obstacle_density": 0.04432733500879857,
    "max_slope": 0.23295778852541915,
    "roughness": 0.039718550956789334,
    "narrow_passage_width": 5.0,
    "difficulty": "easy"
  },
  "robot_params": {
    "max_slope_capability": 30.0,
    "width": 0.8,
    "height": 0.6,
    "safety_margin": 0.2
  },
  "start_position": [
    0.6573075283852482,
    1.453003476306155,
    0.0
  ],
  "goal_position": [
    8.248360320854918,
    8.091288368797684,
    0.07458687678171888
  ],
  "expected_difficulty": "easy",
  "created_at": "2025-10-17T15:18:33.180114",
  "checksum": "f8826251818a01a3"
}