{
  "scenario_id": 79,
  "name": "obstacle_field_19",
  "description": "\u9ad8\u5bc6\u5ea6\u969c\u5bb3\u7269\u74b0\u5883\u3067\u306e\u56de\u907f\u80fd\u529b\u8a55\u4fa1 \uff08\u969c\u5bb3\u7269\u5bc6\u5ea6: 0.38, \u6700\u5927\u52fe\u914d: 6.3\u5ea6, \u7c97\u3055: 0.35\uff09",
  "terrain_params": {
    "terrain_type": "obstacle_field",
    "size_x": 10.0,
    "size_y": 10.0,
    "size_z": 2.0,
    "obstacle_density": 0.37622295170076153,
    "max_slope": 6.328782189892202,
    "roughness": 0.35100228525236304,
    "narrow_passage_width": 2.5,
    "difficulty": "medium"
  },
  "robot_params": {
    "max_slope_capability": 30.0,
    "width": 0.8,
    "height": 0.6,
    "safety_margin": 0.2
  },
  "start_position": [
    1.2253846195751208,
    1.0171378882569118,
    0.0
  ],
  "goal_position": [
    9.179974950319897,
    8.497699445630849,
    0.042097528646937096
  ],
  "expected_difficulty": "medium",
  "created_at": "2025-10-17T15:18:33.184835",
  "checksum": "9c296a11e457d47e"
}