{
  "scenario_id": 67,
  "name": "obstacle_field_07",
  "description": "\u9ad8\u5bc6\u5ea6\u969c\u5bb3\u7269\u74b0\u5883\u3067\u306e\u56de\u907f\u80fd\u529b\u8a55\u4fa1 \uff08\u969c\u5bb3\u7269\u5bc6\u5ea6: 0.37, \u6700\u5927\u52fe\u914d: 10.3\u5ea6, \u7c97\u3055: 0.28\uff09",
  "terrain_params": {
    "terrain_type": "obstacle_field",
    "size_x": 10.0,
    "size_y": 10.0,
    "size_z": 2.0,
    "obstacle_density": 0.37168122678189086,
    "max_slope": 10.255925063905678,
    "roughness": 0.2830652107820799,
    "narrow_passage_width": 2.5,
    "difficulty": "medium"
  },
  "robot_params": {
    "max_slope_capability": 30.0,
    "width": 0.8,
    "height": 0.6,
    "safety_margin": 0.2
  },
  "start_position": [
    0.5061796163460128,
    0.7751810883182011,
    0.0
  ],
  "goal_position": [
    9.182939216533406,
    8.097677806176975,
    0.3115044503836409
  ],
  "expected_difficulty": "medium",
  "created_at": "2025-10-17T15:18:33.183730",
  "checksum": "c689a5b7c2bf93b0"
}