{
  "scenario_id": 76,
  "name": "obstacle_field_16",
  "description": "\u9ad8\u5bc6\u5ea6\u969c\u5bb3\u7269\u74b0\u5883\u3067\u306e\u56de\u907f\u80fd\u529b\u8a55\u4fa1 \uff08\u969c\u5bb3\u7269\u5bc6\u5ea6: 0.38, \u6700\u5927\u52fe\u914d: 12.0\u5ea6, \u7c97\u3055: 0.35\uff09",
  "terrain_params": {
    "terrain_type": "obstacle_field",
    "size_x": 10.0,
    "size_y": 10.0,
    "size_z": 2.0,
    "obstacle_density": 0.3752193701052251,
    "max_slope": 12.025455864371937,
    "roughness": 0.3527961659483148,
    "narrow_passage_width": 2.5,
    "difficulty": "medium"
  },
  "robot_params": {
    "max_slope_capability": 30.0,
    "width": 0.8,
    "height": 0.6,
    "safety_margin": 0.2
  },
  "start_position": [
    1.4368084320509928,
    1.3000696569219334,
    0.0
  ],
  "goal_position": [
    9.135579299901742,
    9.334071721719173,
    0.080044820033457
  ],
  "expected_difficulty": "medium",
  "created_at": "2025-10-17T15:18:33.184515",
  "checksum": "1b9531488edaac22"
}