{
  "scenario_id": 83,
  "name": "narrow_passage_03",
  "description": "\u72ed\u3044\u901a\u8def\u3067\u306e\u7cbe\u5bc6\u5236\u5fa1\u8a55\u4fa1 \uff08\u969c\u5bb3\u7269\u5bc6\u5ea6: 0.59, \u6700\u5927\u52fe\u914d: 18.2\u5ea6, \u7c97\u3055: 0.36\uff09",
  "terrain_params": {
    "terrain_type": "narrow_passage",
    "size_x": 10.0,
    "size_y": 10.0,
    "size_z": 2.0,
    "obstacle_density": 0.5857146609609641,
    "max_slope": 18.15408177151987,
    "roughness": 0.364392816360176,
    "narrow_passage_width": 1.8817718663672074,
    "difficulty": "hard"
  },
  "robot_params": {
    "max_slope_capability": 30.0,
    "width": 0.8,
    "height": 0.6,
    "safety_margin": 0.2
  },
  "start_position": [
    0.5330940994975468,
    1.2694126409831843,
    0.0
  ],
  "goal_position": [
    8.62822495862556,
    8.390542176440194,
    0.36109477242361254
  ],
  "expected_difficulty": "hard",
  "created_at": "2025-10-17T15:18:33.185319",
  "checksum": "67de73fa1404bce6"
}