{
  "scenario_id": 90,
  "name": "complex_3d_00",
  "description": "\u8907\u96d1\u306a3D\u5730\u5f62\u3067\u306e\u7dcf\u5408\u6027\u80fd\u8a55\u4fa1 \uff08\u969c\u5bb3\u7269\u5bc6\u5ea6: 0.30, \u6700\u5927\u52fe\u914d: 20.1\u5ea6, \u7c97\u3055: 0.60\uff09",
  "terrain_params": {
    "terrain_type": "complex_3d",
    "size_x": 15.0,
    "size_y": 15.0,
    "size_z": 6.0,
    "obstacle_density": 0.29641041183926076,
    "max_slope": 20.05945455128414,
    "roughness": 0.604691320843698,
    "narrow_passage_width": 2.2271931071263578,
    "difficulty": "hard"
  },
  "robot_params": {
    "max_slope_capability": 30.0,
    "width": 0.8,
    "height": 0.6,
    "safety_margin": 0.2
  },
  "start_position": [
    1.2424477125207385,
    1.9744936999801468,
    0.0
  ],
  "goal_position": [
    13.662438677529442,
    13.571889275338876,
    1.3278779400749954
  ],
  "expected_difficulty": "medium",
  "created_at": "2025-10-17T15:18:33.185786",
  "checksum": "25945cdd8303f5d2"
}