{
  "scenario_id": 30,
  "name": "steep_slope_05",
  "description": "\u6025\u659c\u9762\u3067\u306e\u767b\u5742\u80fd\u529b\u8a55\u4fa1 \uff08\u969c\u5bb3\u7269\u5bc6\u5ea6: 0.20, \u6700\u5927\u52fe\u914d: 25.2\u5ea6, \u7c97\u3055: 0.48\uff09",
  "terrain_params": {
    "terrain_type": "steep_slope",
    "size_x": 10.0,
    "size_y": 10.0,
    "size_z": 5.0,
    "obstacle_density": 0.19806868833133706,
    "max_slope": 25.211552351864196,
    "roughness": 0.4751545854971563,
    "narrow_passage_width": 3.0,
    "difficulty": "medium"
  },
  "robot_params": {
    "max_slope_capability": 30.0,
    "width": 0.8,
    "height": 0.6,
    "safety_margin": 0.2
  },
  "start_position": [
    1.0628364296919823,
    0.6088971284559398,
    0.0
  ],
  "goal_position": [
    9.271811627933948,
    8.0562672807046,
    1.4896618839674642
  ],
  "expected_difficulty": "easy",
  "created_at": "2025-10-17T15:18:33.181770",
  "checksum": "ab37b7927d5c4f28"
}