{
  "scenario_id": 75,
  "name": "obstacle_field_15",
  "description": "\u9ad8\u5bc6\u5ea6\u969c\u5bb3\u7269\u74b0\u5883\u3067\u306e\u56de\u907f\u80fd\u529b\u8a55\u4fa1 \uff08\u969c\u5bb3\u7269\u5bc6\u5ea6: 0.33, \u6700\u5927\u52fe\u914d: 12.8\u5ea6, \u7c97\u3055: 0.28\uff09",
  "terrain_params": {
    "terrain_type": "obstacle_field",
    "size_x": 10.0,
    "size_y": 10.0,
    "size_z": 2.0,
    "obstacle_density": 0.3313127182997755,
    "max_slope": 12.79264013551414,
    "roughness": 0.2790876167616461,
    "narrow_passage_width": 2.5,
    "difficulty": "medium"
  },
  "robot_params": {
    "max_slope_capability": 30.0,
    "width": 0.8,
    "height": 0.6,
    "safety_margin": 0.2
  },
  "start_position": [
    1.349712584208549,
    1.8292984195667388,
    0.0
  ],
  "goal_position": [
    8.392974854653419,
    8.29949366420485,
    0.0916503724743496
  ],
  "expected_difficulty": "medium",
  "created_at": "2025-10-17T15:18:33.184412",
  "checksum": "110d783de038fefe"
}