{
  "scenario_id": 3,
  "name": "flat_terrain_03",
  "description": "\u5e73\u5766\u306a\u5730\u5f62\u3067\u306e\u30d9\u30fc\u30b9\u30e9\u30a4\u30f3\u8a55\u4fa1 \uff08\u969c\u5bb3\u7269\u5bc6\u5ea6: 0.03, \u6700\u5927\u52fe\u914d: 3.4\u5ea6, \u7c97\u3055: 0.01\uff09",
  "terrain_params": {
    "terrain_type": "flat_terrain",
    "size_x": 10.0,
    "size_y": 10.0,
    "size_z": 0.5,
    "obstacle_density": 0.03047623676840605,
    "max_slope": 3.4235255183094444,
    "roughness": 0.007323547359365624,
    "narrow_passage_width": 5.0,
    "difficulty": "easy"
  },
  "robot_params": {
    "max_slope_capability": 30.0,
    "width": 0.8,
    "height": 0.6,
    "safety_margin": 0.2
  },
  "start_position": [
    1.9338244729904477,
    1.6674893198858542,
    0.0
  ],
  "goal_position": [
    8.226470782757017,
    9.191555363155365,
    0.0577063733866202
  ],
  "expected_difficulty": "easy",
  "created_at": "2025-10-17T15:18:33.180327",
  "checksum": "c1fe45a065b28f11"
}