{
  "scenario_id": 34,
  "name": "steep_slope_09",
  "description": "\u6025\u659c\u9762\u3067\u306e\u767b\u5742\u80fd\u529b\u8a55\u4fa1 \uff08\u969c\u5bb3\u7269\u5bc6\u5ea6: 0.16, \u6700\u5927\u52fe\u914d: 34.7\u5ea6, \u7c97\u3055: 0.46\uff09",
  "terrain_params": {
    "terrain_type": "steep_slope",
    "size_x": 10.0,
    "size_y": 10.0,
    "size_z": 5.0,
    "obstacle_density": 0.1629574550870368,
    "max_slope": 34.74066637416079,
    "roughness": 0.4601688002368859,
    "narrow_passage_width": 3.0,
    "difficulty": "medium"
  },
  "robot_params": {
    "max_slope_capability": 30.0,
    "width": 0.8,
    "height": 0.6,
    "safety_margin": 0.2
  },
  "start_position": [
    0.563123303806419,
    0.8449916914383317,
    0.0
  ],
  "goal_position": [
    9.425477727979487,
    9.069511431939738,
    1.4941475327813645
  ],
  "expected_difficulty": "medium",
  "created_at": "2025-10-17T15:18:33.181990",
  "checksum": "0b65ce453634f503"
}