{
  "scenario_id": 74,
  "name": "obstacle_field_14",
  "description": "\u9ad8\u5bc6\u5ea6\u969c\u5bb3\u7269\u74b0\u5883\u3067\u306e\u56de\u907f\u80fd\u529b\u8a55\u4fa1 \uff08\u969c\u5bb3\u7269\u5bc6\u5ea6: 0.30, \u6700\u5927\u52fe\u914d: 7.6\u5ea6, \u7c97\u3055: 0.35\uff09",
  "terrain_params": {
    "terrain_type": "obstacle_field",
    "size_x": 10.0,
    "size_y": 10.0,
    "size_z": 2.0,
    "obstacle_density": 0.30390104942010004,
    "max_slope": 7.617001468766917,
    "roughness": 0.3517389101184512,
    "narrow_passage_width": 2.5,
    "difficulty": "medium"
  },
  "robot_params": {
    "max_slope_capability": 30.0,
    "width": 0.8,
    "height": 0.6,
    "safety_margin": 0.2
  },
  "start_position": [
    1.5502707634237551,
    0.6020500615142504,
    0.0
  ],
  "goal_position": [
    8.571599631280895,
    9.156888513366516,
    0.2599385743268362
  ],
  "expected_difficulty": "medium",
  "created_at": "2025-10-17T15:18:33.184313",
  "checksum": "48debc1e22b4efed"
}