{
  "scenario_id": 7,
  "name": "flat_terrain_07",
  "description": "\u5e73\u5766\u306a\u5730\u5f62\u3067\u306e\u30d9\u30fc\u30b9\u30e9\u30a4\u30f3\u8a55\u4fa1 \uff08\u969c\u5bb3\u7269\u5bc6\u5ea6: 0.09, \u6700\u5927\u52fe\u914d: 5.0\u5ea6, \u7c97\u3055: 0.19\uff09",
  "terrain_params": {
    "terrain_type": "flat_terrain",
    "size_x": 10.0,
    "size_y": 10.0,
    "size_z": 0.5,
    "obstacle_density": 0.09464989554058706,
    "max_slope": 4.993091464509098,
    "roughness": 0.18976585425130363,
    "narrow_passage_width": 5.0,
    "difficulty": "easy"
  },
  "robot_params": {
    "max_slope_capability": 30.0,
    "width": 0.8,
    "height": 0.6,
    "safety_margin": 0.2
  },
  "start_position": [
    0.5303713377045912,
    1.9115472194495788,
    0.0
  ],
  "goal_position": [
    9.101159890234136,
    8.986280714625114,
    0.0012472886137318894
  ],
  "expected_difficulty": "easy",
  "created_at": "2025-10-17T15:18:33.180525",
  "checksum": "9c3a9ffc563be7f8"
}