{
  "scenario_id": 70,
  "name": "obstacle_field_10",
  "description": "\u9ad8\u5bc6\u5ea6\u969c\u5bb3\u7269\u74b0\u5883\u3067\u306e\u56de\u907f\u80fd\u529b\u8a55\u4fa1 \uff08\u969c\u5bb3\u7269\u5bc6\u5ea6: 0.36, \u6700\u5927\u52fe\u914d: 12.1\u5ea6, \u7c97\u3055: 0.39\uff09",
  "terrain_params": {
    "terrain_type": "obstacle_field",
    "size_x": 10.0,
    "size_y": 10.0,
    "size_z": 2.0,
    "obstacle_density": 0.35978675820304307,
    "max_slope": 12.076774909804733,
    "roughness": 0.38660866681985684,
    "narrow_passage_width": 2.5,
    "difficulty": "medium"
  },
  "robot_params": {
    "max_slope_capability": 30.0,
    "width": 0.8,
    "height": 0.6,
    "safety_margin": 0.2
  },
  "start_position": [
    1.7047880821927381,
    1.9404521592660022,
    0.0
  ],
  "goal_position": [
    9.143633562918769,
    9.172112428529532,
    0.04401381898303349
  ],
  "expected_difficulty": "medium",
  "created_at": "2025-10-17T15:18:33.183915",
  "checksum": "11919b51e37dadc0"
}