{
  "scenario_id": 86,
  "name": "narrow_passage_06",
  "description": "\u72ed\u3044\u901a\u8def\u3067\u306e\u7cbe\u5bc6\u5236\u5fa1\u8a55\u4fa1 \uff08\u969c\u5bb3\u7269\u5bc6\u5ea6: 0.52, \u6700\u5927\u52fe\u914d: 9.5\u5ea6, \u7c97\u3055: 0.35\uff09",
  "terrain_params": {
    "terrain_type": "narrow_passage",
    "size_x": 10.0,
    "size_y": 10.0,
    "size_z": 2.0,
    "obstacle_density": 0.5151560172568841,
    "max_slope": 9.451180263018585,
    "roughness": 0.3515120774176625,
    "narrow_passage_width": 1.2974213426995327,
    "difficulty": "hard"
  },
  "robot_params": {
    "max_slope_capability": 30.0,
    "width": 0.8,
    "height": 0.6,
    "safety_margin": 0.2
  },
  "start_position": [
    0.7159291894327631,
    1.0004819156158178,
    0.0
  ],
  "goal_position": [
    8.053145908352084,
    9.444089332852421,
    0.10032839810491696
  ],
  "expected_difficulty": "hard",
  "created_at": "2025-10-17T15:18:33.185591",
  "checksum": "626c640b410df101"
}