{
  "scenario_id": 32,
  "name": "steep_slope_07",
  "description": "\u6025\u659c\u9762\u3067\u306e\u767b\u5742\u80fd\u529b\u8a55\u4fa1 \uff08\u969c\u5bb3\u7269\u5bc6\u5ea6: 0.14, \u6700\u5927\u52fe\u914d: 33.9\u5ea6, \u7c97\u3055: 0.49\uff09",
  "terrain_params": {
    "terrain_type": "steep_slope",
    "size_x": 10.0,
    "size_y": 10.0,
    "size_z": 5.0,
    "obstacle_density": 0.14456992720929468,
    "max_slope": 33.924284345194565,
    "roughness": 0.4915141624395584,
    "narrow_passage_width": 3.0,
    "difficulty": "medium"
  },
  "robot_params": {
    "max_slope_capability": 30.0,
    "width": 0.8,
    "height": 0.6,
    "safety_margin": 0.2
  },
  "start_position": [
    0.7369391329052994,
    1.1483852020915855,
    0.0
  ],
  "goal_position": [
    8.597464022341116,
    9.492368133143021,
    1.3212436401518382
  ],
  "expected_difficulty": "medium",
  "created_at": "2025-10-17T15:18:33.181887",
  "checksum": "a151b357667b8f96"
}