{
  "scenario_id": 85,
  "name": "narrow_passage_05",
  "description": "\u72ed\u3044\u901a\u8def\u3067\u306e\u7cbe\u5bc6\u5236\u5fa1\u8a55\u4fa1 \uff08\u969c\u5bb3\u7269\u5bc6\u5ea6: 0.42, \u6700\u5927\u52fe\u914d: 14.6\u5ea6, \u7c97\u3055: 0.38\uff09",
  "terrain_params": {
    "terrain_type": "narrow_passage",
    "size_x": 10.0,
    "size_y": 10.0,
    "size_z": 2.0,
    "obstacle_density": 0.4234832602980022,
    "max_slope": 14.629395670604865,
    "roughness": 0.37662030317656214,
    "narrow_passage_width": 1.4204527483932148,
    "difficulty": "hard"
  },
  "robot_params": {
    "max_slope_capability": 30.0,
    "width": 0.8,
    "height": 0.6,
    "safety_margin": 0.2
  },
  "start_position": [
    1.4499354377552418,
    0.6113819843415527,
    0.0
  ],
  "goal_position": [
    9.382726195574909,
    9.31853087733705,
    0.16942081299476597
  ],
  "expected_difficulty": "hard",
  "created_at": "2025-10-17T15:18:33.185524",
  "checksum": "01cc16734871aeec"
}