{
  "scenario_id": 35,
  "name": "steep_slope_10",
  "description": "\u6025\u659c\u9762\u3067\u306e\u767b\u5742\u80fd\u529b\u8a55\u4fa1 \uff08\u969c\u5bb3\u7269\u5bc6\u5ea6: 0.17, \u6700\u5927\u52fe\u914d: 29.0\u5ea6, \u7c97\u3055: 0.58\uff09",
  "terrain_params": {
    "terrain_type": "steep_slope",
    "size_x": 10.0,
    "size_y": 10.0,
    "size_z": 5.0,
    "obstacle_density": 0.1746218177044897,
    "max_slope": 28.956372316946286,
    "roughness": 0.5799485677886688,
    "narrow_passage_width": 3.0,
    "difficulty": "medium"
  },
  "robot_params": {
    "max_slope_capability": 30.0,
    "width": 0.8,
    "height": 0.6,
    "safety_margin": 0.2
  },
  "start_position": [
    0.7800536061212922,
    0.7402038903391843,
    0.0
  ],
  "goal_position": [
    8.613248525365007,
    8.114218428647387,
    1.3833459094688985
  ],
  "expected_difficulty": "easy",
  "created_at": "2025-10-17T15:18:33.182039",
  "checksum": "0462d772a6bcf0a5"
}