{
  "scenario_id": 92,
  "name": "complex_3d_02",
  "description": "\u8907\u96d1\u306a3D\u5730\u5f62\u3067\u306e\u7dcf\u5408\u6027\u80fd\u8a55\u4fa1 \uff08\u969c\u5bb3\u7269\u5bc6\u5ea6: 0.25, \u6700\u5927\u52fe\u914d: 26.5\u5ea6, \u7c97\u3055: 0.58\uff09",
  "terrain_params": {
    "terrain_type": "complex_3d",
    "size_x": 15.0,
    "size_y": 15.0,
    "size_z": 6.0,
    "obstacle_density": 0.25453509499944676,
    "max_slope": 26.505351437241483,
    "roughness": 0.5751135027275038,
    "narrow_passage_width": 2.6220944832130244,
    "difficulty": "hard"
  },
  "robot_params": {
    "max_slope_capability": 30.0,
    "width": 0.8,
    "height": 0.6,
    "safety_margin": 0.2
  },
  "start_position": [
    1.2882504881205528,
    1.5370294724338365,
    0.0
  ],
  "goal_position": [
    13.43324062723078,
    13.422948983231406,
    0.30029769457400834
  ],
  "expected_difficulty": "medium",
  "created_at": "2025-10-17T15:18:33.185893",
  "checksum": "42f59c73f0aafc62"
}