{
  "scenario_id": 91,
  "name": "complex_3d_01",
  "description": "\u8907\u96d1\u306a3D\u5730\u5f62\u3067\u306e\u7dcf\u5408\u6027\u80fd\u8a55\u4fa1 \uff08\u969c\u5bb3\u7269\u5bc6\u5ea6: 0.32, \u6700\u5927\u52fe\u914d: 20.4\u5ea6, \u7c97\u3055: 0.61\uff09",
  "terrain_params": {
    "terrain_type": "complex_3d",
    "size_x": 15.0,
    "size_y": 15.0,
    "size_z": 6.0,
    "obstacle_density": 0.3243136809566839,
    "max_slope": 20.366498418779653,
    "roughness": 0.6050725955614948,
    "narrow_passage_width": 2.5150730504354355,
    "difficulty": "hard"
  },
  "robot_params": {
    "max_slope_capability": 30.0,
    "width": 0.8,
    "height": 0.6,
    "safety_margin": 0.2
  },
  "start_position": [
    0.8796710424965126,
    0.6533695420659587,
    0.0
  ],
  "goal_position": [
    13.60010003389965,
    13.196836535901063,
    1.4798623445749324
  ],
  "expected_difficulty": "medium",
  "created_at": "2025-10-17T15:18:33.185840",
  "checksum": "9c41729ffa6d40a0"
}