{
  "scenario_id": 27,
  "name": "steep_slope_02",
  "description": "\u6025\u659c\u9762\u3067\u306e\u767b\u5742\u80fd\u529b\u8a55\u4fa1 \uff08\u969c\u5bb3\u7269\u5bc6\u5ea6: 0.14, \u6700\u5927\u52fe\u914d: 25.3\u5ea6, \u7c97\u3055: 0.50\uff09",
  "terrain_params": {
    "terrain_type": "steep_slope",
    "size_x": 10.0,
    "size_y": 10.0,
    "size_z": 5.0,
    "obstacle_density": 0.1373791016781721,
    "max_slope": 25.29961087657138,
    "roughness": 0.49545471663230334,
    "narrow_passage_width": 3.0,
    "difficulty": "medium"
  },
  "robot_params": {
    "max_slope_capability": 30.0,
    "width": 0.8,
    "height": 0.6,
    "safety_margin": 0.2
  },
  "start_position": [
    0.6253175403008944,
    1.0418946668579407,
    0.0
  ],
  "goal_position": [
    8.258210656866916,
    9.46362482754894,
    0.5522301439990857
  ],
  "expected_difficulty": "easy",
  "created_at": "2025-10-17T15:18:33.181610",
  "checksum": "08c3e20d8bb07ec1"
}