{
  "scenario_id": 87,
  "name": "narrow_passage_07",
  "description": "\u72ed\u3044\u901a\u8def\u3067\u306e\u7cbe\u5bc6\u5236\u5fa1\u8a55\u4fa1 \uff08\u969c\u5bb3\u7269\u5bc6\u5ea6: 0.44, \u6700\u5927\u52fe\u914d: 10.2\u5ea6, \u7c97\u3055: 0.39\uff09",
  "terrain_params": {
    "terrain_type": "narrow_passage",
    "size_x": 10.0,
    "size_y": 10.0,
    "size_z": 2.0,
    "obstacle_density": 0.43568369697286213,
    "max_slope": 10.206668285865646,
    "roughness": 0.3913717537504265,
    "narrow_passage_width": 1.5302777041007145,
    "difficulty": "hard"
  },
  "robot_params": {
    "max_slope_capability": 30.0,
    "width": 0.8,
    "height": 0.6,
    "safety_margin": 0.2
  },
  "start_position": [
    1.8265947906150888,
    0.5644486262238004,
    0.0
  ],
  "goal_position": [
    8.254709076807984,
    9.323905479103482,
    0.5253475651041308
  ],
  "expected_difficulty": "hard",
  "created_at": "2025-10-17T15:18:33.185646",
  "checksum": "1c8f894998d7706f"
}