{
  "scenario_id": 11,
  "name": "gentle_slope_01",
  "description": "\u7de9\u3084\u304b\u306a\u659c\u9762\u3067\u306e\u79fb\u52d5\u6027\u80fd\u8a55\u4fa1 \uff08\u969c\u5bb3\u7269\u5bc6\u5ea6: 0.08, \u6700\u5927\u52fe\u914d: 19.5\u5ea6, \u7c97\u3055: 0.23\uff09",
  "terrain_params": {
    "terrain_type": "gentle_slope",
    "size_x": 10.0,
    "size_y": 10.0,
    "size_z": 3.0,
    "obstacle_density": 0.07710543631220228,
    "max_slope": 19.54923516606219,
    "roughness": 0.23234414783735696,
    "narrow_passage_width": 4.0,
    "difficulty": "easy"
  },
  "robot_params": {
    "max_slope_capability": 30.0,
    "width": 0.8,
    "height": 0.6,
    "safety_margin": 0.2
  },
  "start_position": [
    0.7821490120163973,
    1.7449571508711528,
    0.0
  ],
  "goal_position": [
    8.433605228434729,
    9.489491857026705,
    0.3629534976877219
  ],
  "expected_difficulty": "easy",
  "created_at": "2025-10-17T15:18:33.180750",
  "checksum": "61a5c06943ff8dde"
}