{
  "scenario_id": 66,
  "name": "obstacle_field_06",
  "description": "\u9ad8\u5bc6\u5ea6\u969c\u5bb3\u7269\u74b0\u5883\u3067\u306e\u56de\u907f\u80fd\u529b\u8a55\u4fa1 \uff08\u969c\u5bb3\u7269\u5bc6\u5ea6: 0.47, \u6700\u5927\u52fe\u914d: 13.4\u5ea6, \u7c97\u3055: 0.35\uff09",
  "terrain_params": {
    "terrain_type": "obstacle_field",
    "size_x": 10.0,
    "size_y": 10.0,
    "size_z": 2.0,
    "obstacle_density": 0.4704317025374093,
    "max_slope": 13.378157875896896,
    "roughness": 0.35090602988705455,
    "narrow_passage_width": 2.5,
    "difficulty": "medium"
  },
  "robot_params": {
    "max_slope_capability": 30.0,
    "width": 0.8,
    "height": 0.6,
    "safety_margin": 0.2
  },
  "start_position": [
    0.9894667675545132,
    0.7071500774684276,
    0.0
  ],
  "goal_position": [
    8.989029152252302,
    8.20071399245963,
    0.30123471446890565
  ],
  "expected_difficulty": "medium",
  "created_at": "2025-10-17T15:18:33.183686",
  "checksum": "68adc58a8d375558"
}