{
  "scenario_id": 37,
  "name": "steep_slope_12",
  "description": "\u6025\u659c\u9762\u3067\u306e\u767b\u5742\u80fd\u529b\u8a55\u4fa1 \uff08\u969c\u5bb3\u7269\u5bc6\u5ea6: 0.11, \u6700\u5927\u52fe\u914d: 25.5\u5ea6, \u7c97\u3055: 0.41\uff09",
  "terrain_params": {
    "terrain_type": "steep_slope",
    "size_x": 10.0,
    "size_y": 10.0,
    "size_z": 5.0,
    "obstacle_density": 0.11188061816746926,
    "max_slope": 25.458108633685665,
    "roughness": 0.4064523890721014,
    "narrow_passage_width": 3.0,
    "difficulty": "medium"
  },
  "robot_params": {
    "max_slope_capability": 30.0,
    "width": 0.8,
    "height": 0.6,
    "safety_margin": 0.2
  },
  "start_position": [
    0.8158730597313499,
    0.874571919958139,
    0.0
  ],
  "goal_position": [
    9.390799204090545,
    8.28899377579517,
    1.122268765842378
  ],
  "expected_difficulty": "easy",
  "created_at": "2025-10-17T15:18:33.182137",
  "checksum": "ad7b94946ecbe5b0"
}