{
  "scenario_id": 93,
  "name": "complex_3d_03",
  "description": "\u8907\u96d1\u306a3D\u5730\u5f62\u3067\u306e\u7dcf\u5408\u6027\u80fd\u8a55\u4fa1 \uff08\u969c\u5bb3\u7269\u5bc6\u5ea6: 0.36, \u6700\u5927\u52fe\u914d: 23.4\u5ea6, \u7c97\u3055: 0.56\uff09",
  "terrain_params": {
    "terrain_type": "complex_3d",
    "size_x": 15.0,
    "size_y": 15.0,
    "size_z": 6.0,
    "obstacle_density": 0.36260797460360794,
    "max_slope": 23.423346662574332,
    "roughness": 0.5628930068191581,
    "narrow_passage_width": 2.581570776488955,
    "difficulty": "hard"
  },
  "robot_params": {
    "max_slope_capability": 30.0,
    "width": 0.8,
    "height": 0.6,
    "safety_margin": 0.2
  },
  "start_position": [
    1.8906356895924799,
    1.8864934295114801,
    0.0
  ],
  "goal_position": [
    13.709345794065882,
    13.053418072590617,
    0.0279187420136072
  ],
  "expected_difficulty": "medium",
  "created_at": "2025-10-17T15:18:33.185939",
  "checksum": "a23d0de80f4cdacf"
}