{
  "scenario_id": 48,
  "name": "mixed_terrain_08",
  "description": "\u591a\u69d8\u306a\u5730\u5f62\u8981\u7d20\u304c\u6df7\u5728\u3059\u308b\u74b0\u5883\u3067\u306e\u9069\u5fdc\u6027\u8a55\u4fa1 \uff08\u969c\u5bb3\u7269\u5bc6\u5ea6: 0.25, \u6700\u5927\u52fe\u914d: 23.6\u5ea6, \u7c97\u3055: 0.42\uff09",
  "terrain_params": {
    "terrain_type": "mixed_terrain",
    "size_x": 12.0,
    "size_y": 12.0,
    "size_z": 4.0,
    "obstacle_density": 0.2527469050972263,
    "max_slope": 23.591548009931508,
    "roughness": 0.4210323174149304,
    "narrow_passage_width": 3.5,
    "difficulty": "medium"
  },
  "robot_params": {
    "max_slope_capability": 30.0,
    "width": 0.8,
    "height": 0.6,
    "safety_margin": 0.2
  },
  "start_position": [
    1.5378282128135976,
    0.6316644054164202,
    0.0
  ],
  "goal_position": [
    10.284855572425636,
    10.323504815657953,
    0.13267083925236317
  ],
  "expected_difficulty": "medium",
  "created_at": "2025-10-17T15:18:33.182755",
  "checksum": "e25a15f6aa6db458"
}