{
  "scenario_id": 61,
  "name": "obstacle_field_01",
  "description": "\u9ad8\u5bc6\u5ea6\u969c\u5bb3\u7269\u74b0\u5883\u3067\u306e\u56de\u907f\u80fd\u529b\u8a55\u4fa1 \uff08\u969c\u5bb3\u7269\u5bc6\u5ea6: 0.49, \u6700\u5927\u52fe\u914d: 9.0\u5ea6, \u7c97\u3055: 0.22\uff09",
  "terrain_params": {
    "terrain_type": "obstacle_field",
    "size_x": 10.0,
    "size_y": 10.0,
    "size_z": 2.0,
    "obstacle_density": 0.48620260206993793,
    "max_slope": 8.973860946241121,
    "roughness": 0.22175972357835388,
    "narrow_passage_width": 2.5,
    "difficulty": "medium"
  },
  "robot_params": {
    "max_slope_capability": 30.0,
    "width": 0.8,
    "height": 0.6,
    "safety_margin": 0.2
  },
  "start_position": [
    1.3403715372346434,
    0.928416276451135,
    0.0
  ],
  "goal_position": [
    8.477913785239046,
    8.068650640776402,
    0.513306572284499
  ],
  "expected_difficulty": "medium",
  "created_at": "2025-10-17T15:18:33.183452",
  "checksum": "256a0da6d94164f3"
}