{
  "scenario_id": 73,
  "name": "obstacle_field_13",
  "description": "\u9ad8\u5bc6\u5ea6\u969c\u5bb3\u7269\u74b0\u5883\u3067\u306e\u56de\u907f\u80fd\u529b\u8a55\u4fa1 \uff08\u969c\u5bb3\u7269\u5bc6\u5ea6: 0.40, \u6700\u5927\u52fe\u914d: 9.1\u5ea6, \u7c97\u3055: 0.28\uff09",
  "terrain_params": {
    "terrain_type": "obstacle_field",
    "size_x": 10.0,
    "size_y": 10.0,
    "size_z": 2.0,
    "obstacle_density": 0.3990117352393785,
    "max_slope": 9.077207581238952,
    "roughness": 0.27616046545343237,
    "narrow_passage_width": 2.5,
    "difficulty": "medium"
  },
  "robot_params": {
    "max_slope_capability": 30.0,
    "width": 0.8,
    "height": 0.6,
    "safety_margin": 0.2
  },
  "start_position": [
    1.4671482355744598,
    1.457753128180003,
    0.0
  ],
  "goal_position": [
    8.318465694781775,
    9.101347795707404,
    0.16485369817006554
  ],
  "expected_difficulty": "medium",
  "created_at": "2025-10-17T15:18:33.184220",
  "checksum": "3370135f784df900"
}