{
  "scenario_id": 81,
  "name": "narrow_passage_01",
  "description": "\u72ed\u3044\u901a\u8def\u3067\u306e\u7cbe\u5bc6\u5236\u5fa1\u8a55\u4fa1 \uff08\u969c\u5bb3\u7269\u5bc6\u5ea6: 0.59, \u6700\u5927\u52fe\u914d: 11.7\u5ea6, \u7c97\u3055: 0.41\uff09",
  "terrain_params": {
    "terrain_type": "narrow_passage",
    "size_x": 10.0,
    "size_y": 10.0,
    "size_z": 2.0,
    "obstacle_density": 0.5919390600192609,
    "max_slope": 11.695300008934964,
    "roughness": 0.410523465366053,
    "narrow_passage_width": 1.7104681684149274,
    "difficulty": "hard"
  },
  "robot_params": {
    "max_slope_capability": 30.0,
    "width": 0.8,
    "height": 0.6,
    "safety_margin": 0.2
  },
  "start_position": [
    0.7152471608976224,
    1.4009501044163164,
    0.0
  ],
  "goal_position": [
    9.189323851305204,
    9.201708868541553,
    0.43253246248711746
  ],
  "expected_difficulty": "hard",
  "created_at": "2025-10-17T15:18:33.185085",
  "checksum": "25b1336bfa31ac7f"
}