{
  "scenario_id": 62,
  "name": "obstacle_field_02",
  "description": "\u9ad8\u5bc6\u5ea6\u969c\u5bb3\u7269\u74b0\u5883\u3067\u306e\u56de\u907f\u80fd\u529b\u8a55\u4fa1 \uff08\u969c\u5bb3\u7269\u5bc6\u5ea6: 0.31, \u6700\u5927\u52fe\u914d: 12.7\u5ea6, \u7c97\u3055: 0.37\uff09",
  "terrain_params": {
    "terrain_type": "obstacle_field",
    "size_x": 10.0,
    "size_y": 10.0,
    "size_z": 2.0,
    "obstacle_density": 0.313851015224167,
    "max_slope": 12.708431607520758,
    "roughness": 0.3662408813547999,
    "narrow_passage_width": 2.5,
    "difficulty": "medium"
  },
  "robot_params": {
    "max_slope_capability": 30.0,
    "width": 0.8,
    "height": 0.6,
    "safety_margin": 0.2
  },
  "start_position": [
    1.2681107323795702,
    1.7972862479182554,
    0.0
  ],
  "goal_position": [
    8.000983354086175,
    9.102248735730322,
    0.2614646985592108
  ],
  "expected_difficulty": "medium",
  "created_at": "2025-10-17T15:18:33.183501",
  "checksum": "ea01ebf466f9a24e"
}