{
  "scenario_id": 29,
  "name": "steep_slope_04",
  "description": "\u6025\u659c\u9762\u3067\u306e\u767b\u5742\u80fd\u529b\u8a55\u4fa1 \uff08\u969c\u5bb3\u7269\u5bc6\u5ea6: 0.19, \u6700\u5927\u52fe\u914d: 29.2\u5ea6, \u7c97\u3055: 0.54\uff09",
  "terrain_params": {
    "terrain_type": "steep_slope",
    "size_x": 10.0,
    "size_y": 10.0,
    "size_z": 5.0,
    "obstacle_density": 0.19445129367973998,
    "max_slope": 29.17141748753271,
    "roughness": 0.5410819937010053,
    "narrow_passage_width": 3.0,
    "difficulty": "medium"
  },
  "robot_params": {
    "max_slope_capability": 30.0,
    "width": 0.8,
    "height": 0.6,
    "safety_margin": 0.2
  },
  "start_position": [
    1.9229984200790209,
    1.2634599388009682,
    0.0
  ],
  "goal_position": [
    9.295354517395438,
    9.412350952466818,
    0.07170369979484958
  ],
  "expected_difficulty": "easy",
  "created_at": "2025-10-17T15:18:33.181714",
  "checksum": "93f95d33395f72e1"
}