{
  "scenario_id": 20,
  "name": "gentle_slope_10",
  "description": "\u7de9\u3084\u304b\u306a\u659c\u9762\u3067\u306e\u79fb\u52d5\u6027\u80fd\u8a55\u4fa1 \uff08\u969c\u5bb3\u7269\u5bc6\u5ea6: 0.07, \u6700\u5927\u52fe\u914d: 18.3\u5ea6, \u7c97\u3055: 0.35\uff09",
  "terrain_params": {
    "terrain_type": "gentle_slope",
    "size_x": 10.0,
    "size_y": 10.0,
    "size_z": 3.0,
    "obstacle_density": 0.06529970664960245,
    "max_slope": 18.253292218784793,
    "roughness": 0.3452566390615581,
    "narrow_passage_width": 4.0,
    "difficulty": "easy"
  },
  "robot_params": {
    "max_slope_capability": 30.0,
    "width": 0.8,
    "height": 0.6,
    "safety_margin": 0.2
  },
  "start_position": [
    1.4957765250411896,
    1.853242375452227,
    0.0
  ],
  "goal_position": [
    9.017580103444605,
    8.629742940810132,
    0.4720608552827533
  ],
  "expected_difficulty": "easy",
  "created_at": "2025-10-17T15:18:33.181253",
  "checksum": "5b0d983de734a3c1"
}