{
  "scenario_id": 46,
  "name": "mixed_terrain_06",
  "description": "\u591a\u69d8\u306a\u5730\u5f62\u8981\u7d20\u304c\u6df7\u5728\u3059\u308b\u74b0\u5883\u3067\u306e\u9069\u5fdc\u6027\u8a55\u4fa1 \uff08\u969c\u5bb3\u7269\u5bc6\u5ea6: 0.17, \u6700\u5927\u52fe\u914d: 22.3\u5ea6, \u7c97\u3055: 0.34\uff09",
  "terrain_params": {
    "terrain_type": "mixed_terrain",
    "size_x": 12.0,
    "size_y": 12.0,
    "size_z": 4.0,
    "obstacle_density": 0.17483914918020363,
    "max_slope": 22.275490119504685,
    "roughness": 0.34150871107137154,
    "narrow_passage_width": 3.5,
    "difficulty": "medium"
  },
  "robot_params": {
    "max_slope_capability": 30.0,
    "width": 0.8,
    "height": 0.6,
    "safety_margin": 0.2
  },
  "start_position": [
    0.8658982463077619,
    1.5195242992975138,
    0.0
  ],
  "goal_position": [
    10.977772507675276,
    10.338081996416252,
    0.19961842447085085
  ],
  "expected_difficulty": "easy",
  "created_at": "2025-10-17T15:18:33.182665",
  "checksum": "ad4a356fddf8b780"
}