{
  "scenario_id": 95,
  "name": "complex_3d_05",
  "description": "\u8907\u96d1\u306a3D\u5730\u5f62\u3067\u306e\u7dcf\u5408\u6027\u80fd\u8a55\u4fa1 \uff08\u969c\u5bb3\u7269\u5bc6\u5ea6: 0.37, \u6700\u5927\u52fe\u914d: 26.1\u5ea6, \u7c97\u3055: 0.69\uff09",
  "terrain_params": {
    "terrain_type": "complex_3d",
    "size_x": 15.0,
    "size_y": 15.0,
    "size_z": 6.0,
    "obstacle_density": 0.3705834775799423,
    "max_slope": 26.10912708641004,
    "roughness": 0.688536097894871,
    "narrow_passage_width": 2.734042969121925,
    "difficulty": "hard"
  },
  "robot_params": {
    "max_slope_capability": 30.0,
    "width": 0.8,
    "height": 0.6,
    "safety_margin": 0.2
  },
  "start_position": [
    0.6979703455610542,
    0.779177420386422,
    0.0
  ],
  "goal_position": [
    13.977159612520671,
    13.110957568610765,
    0.4695523675698323
  ],
  "expected_difficulty": "medium",
  "created_at": "2025-10-17T15:18:33.186035",
  "checksum": "6c735361c108dc83"
}