{
  "scenario_id": 60,
  "name": "obstacle_field_00",
  "description": "\u9ad8\u5bc6\u5ea6\u969c\u5bb3\u7269\u74b0\u5883\u3067\u306e\u56de\u907f\u80fd\u529b\u8a55\u4fa1 \uff08\u969c\u5bb3\u7269\u5bc6\u5ea6: 0.36, \u6700\u5927\u52fe\u914d: 12.2\u5ea6, \u7c97\u3055: 0.38\uff09",
  "terrain_params": {
    "terrain_type": "obstacle_field",
    "size_x": 10.0,
    "size_y": 10.0,
    "size_z": 2.0,
    "obstacle_density": 0.360934225935459,
    "max_slope": 12.23580703677589,
    "roughness": 0.3831746984145548,
    "narrow_passage_width": 2.5,
    "difficulty": "medium"
  },
  "robot_params": {
    "max_slope_capability": 30.0,
    "width": 0.8,
    "height": 0.6,
    "safety_margin": 0.2
  },
  "start_position": [
    0.6862139968628014,
    1.3098063727162834,
    0.0
  ],
  "goal_position": [
    9.495589385907996,
    8.671007797513674,
    0.3504262878630245
  ],
  "expected_difficulty": "medium",
  "created_at": "2025-10-17T15:18:33.183403",
  "checksum": "52a66e257f4ee182"
}