{
  "scenario_id": 72,
  "name": "obstacle_field_12",
  "description": "\u9ad8\u5bc6\u5ea6\u969c\u5bb3\u7269\u74b0\u5883\u3067\u306e\u56de\u907f\u80fd\u529b\u8a55\u4fa1 \uff08\u969c\u5bb3\u7269\u5bc6\u5ea6: 0.44, \u6700\u5927\u52fe\u914d: 10.5\u5ea6, \u7c97\u3055: 0.26\uff09",
  "terrain_params": {
    "terrain_type": "obstacle_field",
    "size_x": 10.0,
    "size_y": 10.0,
    "size_z": 2.0,
    "obstacle_density": 0.4382301532824221,
    "max_slope": 10.536089262552565,
    "roughness": 0.25810847520758173,
    "narrow_passage_width": 2.5,
    "difficulty": "medium"
  },
  "robot_params": {
    "max_slope_capability": 30.0,
    "width": 0.8,
    "height": 0.6,
    "safety_margin": 0.2
  },
  "start_position": [
    0.5620709050729279,
    0.857902702292132,
    0.0
  ],
  "goal_position": [
    9.397993679015952,
    8.308554985719262,
    0.23273691526359916
  ],
  "expected_difficulty": "medium",
  "created_at": "2025-10-17T15:18:33.184121",
  "checksum": "4f734473ceb3200d"
}