{
  "scenario_id": 8,
  "name": "flat_terrain_08",
  "description": "\u5e73\u5766\u306a\u5730\u5f62\u3067\u306e\u30d9\u30fc\u30b9\u30e9\u30a4\u30f3\u8a55\u4fa1 \uff08\u969c\u5bb3\u7269\u5bc6\u5ea6: 0.05, \u6700\u5927\u52fe\u914d: 1.0\u5ea6, \u7c97\u3055: 0.10\uff09",
  "terrain_params": {
    "terrain_type": "flat_terrain",
    "size_x": 10.0,
    "size_y": 10.0,
    "size_z": 0.5,
    "obstacle_density": 0.054054611891496275,
    "max_slope": 0.9888107146551206,
    "roughness": 0.09623603707539366,
    "narrow_passage_width": 5.0,
    "difficulty": "easy"
  },
  "robot_params": {
    "max_slope_capability": 30.0,
    "width": 0.8,
    "height": 0.6,
    "safety_margin": 0.2
  },
  "start_position": [
    1.4377289613781186,
    1.7196441992343097,
    0.0
  ],
  "goal_position": [
    9.019511563535602,
    9.434426764532095,
    0.07491868287319109
  ],
  "expected_difficulty": "easy",
  "created_at": "2025-10-17T15:18:33.180581",
  "checksum": "b6d6f37ff334005f"
}