{
  "scenario_id": 38,
  "name": "steep_slope_13",
  "description": "\u6025\u659c\u9762\u3067\u306e\u767b\u5742\u80fd\u529b\u8a55\u4fa1 \uff08\u969c\u5bb3\u7269\u5bc6\u5ea6: 0.12, \u6700\u5927\u52fe\u914d: 28.9\u5ea6, \u7c97\u3055: 0.51\uff09",
  "terrain_params": {
    "terrain_type": "steep_slope",
    "size_x": 10.0,
    "size_y": 10.0,
    "size_z": 5.0,
    "obstacle_density": 0.12362701331450282,
    "max_slope": 28.93713905548539,
    "roughness": 0.5059067215755632,
    "narrow_passage_width": 3.0,
    "difficulty": "medium"
  },
  "robot_params": {
    "max_slope_capability": 30.0,
    "width": 0.8,
    "height": 0.6,
    "safety_margin": 0.2
  },
  "start_position": [
    1.9509237947611546,
    0.6244535698372957,
    0.0
  ],
  "goal_position": [
    8.77441596024379,
    8.860582675821675,
    0.38649829085939535
  ],
  "expected_difficulty": "easy",
  "created_at": "2025-10-17T15:18:33.182185",
  "checksum": "b9b08322b072b76b"
}