{
  "scenario_id": 13,
  "terrain_name": "Complex Obstacles",
  "terrain_type": "Obstacle Field",
  "map_size": 50.0,
  "start": [
    0.4001490889569226,
    -18.930832041867024,
    0.7282019101389774
  ],
  "goal": [
    1.2896202726301809,
    22.6392696794843,
    0.2
  ],
  "distance": 41.57961659407265,
  "max_slope": 20.0,
  "validation": {
    "reachable": true,
    "validated_at": "Reachable"
  }
}