{
  "1": {
    "count": 30,
    "map_size_min": 500,
    "map_size_max": 700,
    "obstacle_ratio_mean": 0.4676587021919879,
    "obstacle_ratio_median": 0.46134
  },
  "2": {
    "count": 30,
    "map_size_min": 200,
    "map_size_max": 200,
    "obstacle_ratio_mean": 0.9903566666666668,
    "obstacle_ratio_median": 0.995
  },
  "3": {
    "count": 30,
    "map_size_min": 200,
    "map_size_max": 300,
    "obstacle_ratio_mean": 0.021575,
    "obstacle_ratio_median": 0.01456388888888889
  },
  "4": {
    "count": 30,
    "map_size_min": 300,
    "map_size_max": 300,
    "obstacle_ratio_mean": 0.8388888888888888,
    "obstacle_ratio_median": 0.8388888888888889
  }
}