method,n,mean,std,median,q1,q3,ci_lower,ci_upper,min,max,success_rate,success_count,total_count
A*,4,0.07276839017868042,0.043096725440323634,0.08468234539031982,0.05137902498245239,0.10607171058654785,0.004191882854976292,0.14134489750238455,0.01563715934753418,0.10607171058654785,75.0,3,4
AHA*,4,14.835025191307068,13.059590967309209,13.837690711021423,8.917191088199615,19.755524814128876,0.0,35.61574870252553,0.020389795303344727,31.64432954788208,100.0,4,4
TA*,4,0.24153614044189453,0.17894362429191563,0.19856810569763184,0.13275128602981567,0.3073529601097107,0.0,0.5262753784328856,0.07949566841125488,0.48951268196105957,100.0,4,4
