{
  "scenario_id": 19,
  "terrain_name": "Gentle Hills",
  "terrain_type": "Gentle Slope",
  "map_size": 50.0,
  "start": [
    12.80130391069303,
    12.861526336094485,
    1.9048866566649412
  ],
  "goal": [
    5.075095047632114,
    -8.7859839678775,
    0.2
  ],
  "distance": 22.984973477387662,
  "max_slope": 15.0
}