{
  "scenario_id": 11,
  "terrain_name": "Gentle Hills",
  "terrain_type": "Gentle Slope",
  "map_size": 50.0,
  "start": [
    -5.692387102321302,
    4.269048444890785,
    2.8801481082205984
  ],
  "goal": [
    5.977326277024879,
    -16.44038553547096,
    0.2
  ],
  "distance": 23.771051010484435,
  "max_slope": 15.0
}