{
  "scenario_id": 1,
  "terrain_name": "Gentle Hills",
  "terrain_type": "Gentle Slope",
  "map_size": 50.0,
  "start": [
    -22.782932615215262,
    -17.407820443976746,
    0.2
  ],
  "goal": [
    7.854457897431818,
    14.989226734832194,
    3.0122552978974353
  ],
  "distance": 44.58944228548289,
  "max_slope": 15.0
}