{
  "scenario_id": 14,
  "terrain_name": "Gentle Hills",
  "terrain_type": "Gentle Slope",
  "map_size": 50.0,
  "start": [
    10.63983464075644,
    -7.342279749477939,
    0.2
  ],
  "goal": [
    -18.765442244647023,
    -1.679091128891205,
    0.2220840232521119
  ],
  "distance": 29.945651004103855,
  "max_slope": 15.0
}