{
  "scenario_id": 0,
  "terrain_name": "Extreme Hazards",
  "terrain_type": "Extreme Terrain",
  "map_size": 50.0,
  "start": [
    -22.782932615215262,
    -17.407820443976746,
    4.2
  ],
  "goal": [
    7.854457897431818,
    14.989226734832194,
    2.7
  ],
  "distance": 44.58944228548289,
  "max_slope": 35.0,
  "validation": {
    "reachable": true,
    "validated_at": "Reachable"
  }
}