{
  "scenario_id": 6,
  "terrain_name": "Extreme Hazards",
  "terrain_type": "Extreme Terrain",
  "map_size": 50.0,
  "start": [
    -9.848798241284225,
    16.21017404070009,
    4.2
  ],
  "goal": [
    21.85029870590303,
    17.703251500590852,
    4.2
  ],
  "distance": 31.734240617484613,
  "max_slope": 35.0,
  "validation": {
    "reachable": true,
    "validated_at": "Reachable"
  }
}