{
  "scenario_id": 2,
  "terrain_name": "Extreme Hazards",
  "terrain_type": "Extreme Terrain",
  "map_size": 50.0,
  "start": [
    -14.474901900696548,
    -18.014663038644265,
    4.2
  ],
  "goal": [
    -12.893915339250361,
    22.016694096539005,
    4.2
  ],
  "distance": 40.06256447847618,
  "max_slope": 35.0,
  "validation": {
    "reachable": true,
    "validated_at": "Reachable"
  }
}