{
  "total": 96,
  "success": 91,
  "failed": 5,
  "mean_path_length": 22.56503017404077,
  "mean_time": 0.016404526574271067
}