{
  "total": 96,
  "success": 91,
  "failed": 5,
  "mean_path_length": 22.559463440968027,
  "mean_time": 0.011066659466250912
}