{
  "total": 96,
  "success": 91,
  "failed": 5,
  "mean_path_length": 22.55754191096733,
  "mean_time": 0.01154118055825705
}