{
  "mid": {
    "ADAPTIVE": {
      "Small": {
        "count": 30,
        "mean": 0.06477813720703125,
        "median": 0.05532979965209961
      },
      "Medium": {
        "count": 48,
        "mean": 1.2361760536829631,
        "median": 1.0838876962661743
      },
      "Large": {
        "count": 18,
        "mean": 4.391198343700832,
        "median": 3.6116029024124146
      }
    },
    "RRT_STAR": {
      "Small": {
        "count": 30,
        "mean": 23.870733857154846,
        "median": 23.97381830215454
      },
      "Medium": {
        "count": 48,
        "mean": 27.385805810491245,
        "median": 27.260132670402527
      },
      "Large": {
        "count": 18,
        "mean": 40.93225657939911,
        "median": 39.98869240283966
      }
    },
    "SAFETY_FIRST": {
      "Small": {
        "count": 30,
        "mean": 0.2308574676513672,
        "median": 0.22037899494171143
      },
      "Medium": {
        "count": 48,
        "mean": 5.390443652868271,
        "median": 5.386924147605896
      },
      "Large": {
        "count": 18,
        "mean": 22.02573271592458,
        "median": 21.571998238563538
      }
    },
    "HPA_STAR": {
      "Small": {
        "count": 30,
        "mean": 0.27515301704406736,
        "median": 0.2878686189651489
      },
      "Medium": {
        "count": 48,
        "mean": 6.516089464227359,
        "median": 6.963184714317322
      },
      "Large": {
        "count": 18,
        "mean": 25.456489072905647,
        "median": 27.03306818008423
      }
    },
    "DSTAR_LITE": {
      "Small": {
        "count": 30,
        "mean": 0.06355912685394287,
        "median": 0.0604703426361084
      },
      "Medium": {
        "count": 48,
        "mean": 1.2405917346477509,
        "median": 1.0146666765213013
      },
      "Large": {
        "count": 18,
        "mean": 4.598485642009312,
        "median": 3.7916516065597534
      }
    }
  },
  "cur": {
    "ADAPTIVE": {
      "Small": {
        "count": 30,
        "mean": 0.06477813720703125,
        "median": 0.05532979965209961
      },
      "Medium": {
        "count": 48,
        "mean": 1.2361760536829631,
        "median": 1.0838876962661743
      },
      "Large": {
        "count": 18,
        "mean": 4.391198343700832,
        "median": 3.6116029024124146
      }
    },
    "RRT_STAR": {
      "Small": {
        "count": 30,
        "mean": 23.870733857154846,
        "median": 23.97381830215454
      },
      "Medium": {
        "count": 48,
        "mean": 27.385805810491245,
        "median": 27.260132670402527
      },
      "Large": {
        "count": 18,
        "mean": 40.93225657939911,
        "median": 39.98869240283966
      }
    },
    "SAFETY_FIRST": {
      "Small": {
        "count": 30,
        "mean": 0.2308574676513672,
        "median": 0.22037899494171143
      },
      "Medium": {
        "count": 48,
        "mean": 5.390443652868271,
        "median": 5.386924147605896
      },
      "Large": {
        "count": 18,
        "mean": 22.02573271592458,
        "median": 21.571998238563538
      }
    },
    "HPA_STAR": {
      "Small": {
        "count": 30,
        "mean": 0.27515301704406736,
        "median": 0.2878686189651489
      },
      "Medium": {
        "count": 48,
        "mean": 6.516089464227359,
        "median": 6.963184714317322
      },
      "Large": {
        "count": 18,
        "mean": 25.456489072905647,
        "median": 27.03306818008423
      }
    },
    "DSTAR_LITE": {
      "Small": {
        "count": 30,
        "mean": 0.06355912685394287,
        "median": 0.0604703426361084
      },
      "Medium": {
        "count": 48,
        "mean": 1.2405917346477509,
        "median": 1.0146666765213013
      },
      "Large": {
        "count": 18,
        "mean": 4.598485642009312,
        "median": 3.7916516065597534
      }
    }
  }
}