{
  "SMALL": {
    "count": 30,
    "mean_impr": 4.795425153420283,
    "median_impr": 5.681282125774206,
    "max_impr": 7.605179032430449,
    "min_impr": 0.0,
    "std_impr": 2.8803654499692413
  },
  "MEDIUM": {
    "count": 48,
    "mean_impr": 4.906130993345815,
    "median_impr": 5.443438813421586,
    "max_impr": 7.612000634086223,
    "min_impr": 0.0,
    "std_impr": 2.27086067294787
  },
  "LARGE": {
    "count": 10,
    "mean_impr": 4.961504929950087,
    "median_impr": 5.005032252908935,
    "max_impr": 7.610081972771074,
    "min_impr": 1.9213166031262325,
    "std_impr": 1.8256387158326253
  }
}