{
  "t_stat": 0.5885009180511795,
  "p_value": 0.5565532674333395,
  "cohen_d": 0.06084436265941735
}