{
  "planner": "TA_STAR",
  "scenarios": 96,
  "success_count": 86,
  "fail_count": 10,
  "summary": {
    "mean": 19.441118022169245,
    "std": 12.812122704205615,
    "min": 3.2015621187164243,
    "max": 69.56471806886016,
    "median": 19.15067766617183,
    "count": 86
  },
  "time": {
    "mean": 9.793455708858579,
    "std": 13.482401366284087,
    "min": 0.22521495819091797,
    "max": 53.522968769073486,
    "median": 5.817631840705872,
    "count": 86
  },
  "nodes": {
    "mean": 1756.9302325581396,
    "std": 2325.7870925309708,
    "min": 6,
    "max": 10244,
    "median": 774.5,
    "count": 86
  },
  "by_size": {
    "SMALL": {
      "mean": 5.23020481201749,
      "std": 1.3019053822567488,
      "min": 3.2015621187164243,
      "max": 7.905694150420948,
      "median": 5.231443988430413,
      "count": 30
    },
    "MEDIUM": {
      "mean": 24.83690434548361,
      "std": 6.550529179638645,
      "min": 14.866068747318506,
      "max": 41.188590653237945,
      "median": 23.980691957129906,
      "count": 48
    },
    "LARGE": {
      "mean": 40.357324620352145,
      "std": 11.45938914111562,
      "min": 31.62672920173694,
      "max": 69.56471806886016,
      "median": 37.268378170311436,
      "count": 8
    }
  }
}