{
  "planner": "TA_STAR",
  "scenarios": 96,
  "success_count": 93,
  "fail_count": 3,
  "summary": {
    "mean": 21.955602458505407,
    "std": 15.628668661307383,
    "min": 3.2015621187164243,
    "max": 75.11657606680433,
    "median": 22.20360331117452,
    "count": 93
  },
  "time": {
    "mean": 15.961300332059142,
    "std": 23.35729034124966,
    "min": 0.23000788688659668,
    "max": 105.2434184551239,
    "median": 6.978438138961792,
    "count": 93
  },
  "nodes": {
    "mean": 2641.2580645161293,
    "std": 3980.152069022299,
    "min": 6,
    "max": 19548,
    "median": 1117,
    "count": 93
  },
  "by_size": {
    "SMALL": {
      "mean": 5.23020481201749,
      "std": 1.3019053822567488,
      "min": 3.2015621187164243,
      "max": 7.905694150420948,
      "median": 5.231443988430413,
      "count": 30
    },
    "MEDIUM": {
      "mean": 24.83690434548361,
      "std": 6.550529179638645,
      "min": 14.866068747318506,
      "max": 41.188590653237945,
      "median": 23.980691957129906,
      "count": 48
    },
    "LARGE": {
      "mean": 46.186231713150995,
      "std": 14.160343691890347,
      "min": 31.62672920173694,
      "max": 75.11657606680433,
      "median": 41.188590653237945,
      "count": 15
    }
  }
}