{
  "total": 96,
  "success": 88,
  "fail": 8,
  "by_size": {
    "SMALL": {
      "count": 30,
      "mean": 0.12934650580088297,
      "median": 0.11292815208435059
    },
    "MEDIUM": {
      "count": 48,
      "mean": 5.153427913784981,
      "median": 2.396571159362793
    },
    "LARGE": {
      "count": 10,
      "mean": 36.25895154476166,
      "median": 43.60559010505676
    }
  }
}