{
  "total": 96,
  "success": 88,
  "fail": 8,
  "by_size": {
    "SMALL": {
      "count": 30,
      "mean": 0.12093015511830647,
      "median": 0.09132945537567139
    },
    "MEDIUM": {
      "count": 48,
      "mean": 5.508511960506439,
      "median": 2.4656816720962524
    },
    "LARGE": {
      "count": 10,
      "mean": 36.560768127441406,
      "median": 43.88148868083954
    }
  }
}