complexity,avg_time,min_time,max_time,success_rate,scenario_count
SIMPLE,0.9257512167096138,0.007867574691772461,6.061849355697632,100.0,32
MODERATE,2.1349088326096535,0.027007102966308594,13.10745906829834,100.0,32
COMPLEX,1.3243826031684875,0.0357513427734375,4.657282829284668,100.0,32
