{
  "results_summary": {
    "TA*": {
      "total": 96,
      "success": 93,
      "timeout": 3,
      "by_size": {
        "SMALL": {
          "mean": 0.3086282253265381,
          "median": 0.29545044898986816,
          "count": 30,
          "path_summary": {
            "mean": 5.484636841446698,
            "median": 5.492640687119286,
            "count": 30
          }
        },
        "MEDIUM": {
          "mean": 10.661728148659071,
          "median": 7.787914991378784,
          "count": 48,
          "path_summary": {
            "mean": 26.22496090253012,
            "median": 24.87132034355964,
            "count": 48
          }
        },
        "LARGE": {
          "mean": 65.90767828623454,
          "median": 55.008280992507935,
          "count": 15,
          "path_summary": {
            "mean": 48.22193599129225,
            "median": 43.81980515339461,
            "count": 15
          }
        }
      }
    },
    "Theta*": {
      "total": 96,
      "success": 96,
      "timeout": 0,
      "by_size": {
        "SMALL": {
          "mean": 0.009459336598714193,
          "median": 0.007871389389038086,
          "count": 30,
          "path_summary": {
            "mean": 5.23020481201749,
            "median": 5.231443988430413,
            "count": 30
          }
        },
        "MEDIUM": {
          "mean": 0.15855353573958078,
          "median": 0.10785925388336182,
          "count": 48,
          "path_summary": {
            "mean": 24.83690434548361,
            "median": 23.980691957129906,
            "count": 48
          }
        },
        "LARGE": {
          "mean": 0.8084107769860162,
          "median": 0.5310050249099731,
          "count": 18,
          "path_summary": {
            "mean": 51.13733509368214,
            "median": 42.69782875462437,
            "count": 18
          }
        }
      }
    },
    "AHA*": {
      "total": 96,
      "success": 91,
      "timeout": 5,
      "by_size": {
        "SMALL": {
          "mean": 0.006993714968363444,
          "median": 0.006829738616943359,
          "count": 30,
          "path_summary": {
            "mean": 5.638190232039972,
            "median": 5.621320343559644,
            "count": 30
          }
        },
        "MEDIUM": {
          "mean": 0.02048662304878235,
          "median": 0.020911574363708496,
          "count": 48,
          "path_summary": {
            "mean": 25.15433071720057,
            "median": 24.11998771420637,
            "count": 48
          }
        },
        "LARGE": {
          "mean": 0.023049427912785456,
          "median": 0.019347190856933594,
          "count": 13,
          "path_summary": {
            "mean": 52.066474188529504,
            "median": 43.90903808236111,
            "count": 13
          }
        }
      }
    }
  }
}