{
  "results": {
    "TA*": {
      "total": 96,
      "success": 96,
      "timeout": 0,
      "by_size": {
        "SMALL": {
          "count_success": 30,
          "mean_time": 0.20914593537648518,
          "median_time": 0.20536816120147705,
          "mean_path": 5.23020481201749,
          "median_path": 5.231443988430413
        },
        "MEDIUM": {
          "count_success": 48,
          "mean_time": 5.2797682384649915,
          "median_time": 5.019590497016907,
          "mean_path": 24.83690434548361,
          "median_path": 23.980691957129906
        },
        "LARGE": {
          "count_success": 18,
          "mean_time": 40.277021725972496,
          "median_time": 37.89228713512421,
          "mean_path": 51.13733509368214,
          "median_path": 42.69782875462437
        }
      }
    },
    "Theta*": {
      "total": 96,
      "success": 96,
      "timeout": 0,
      "by_size": {
        "SMALL": {
          "count_success": 30,
          "mean_time": 0.009459336598714193,
          "median_time": 0.007871389389038086,
          "mean_path": 5.23020481201749,
          "median_path": 5.231443988430413
        },
        "MEDIUM": {
          "count_success": 48,
          "mean_time": 0.15855353573958078,
          "median_time": 0.10785925388336182,
          "mean_path": 24.83690434548361,
          "median_path": 23.980691957129906
        },
        "LARGE": {
          "count_success": 18,
          "mean_time": 0.8084107769860162,
          "median_time": 0.5310050249099731,
          "mean_path": 51.13733509368214,
          "median_path": 42.69782875462437
        }
      }
    },
    "AHA*": {
      "total": 96,
      "success": 91,
      "timeout": 5,
      "by_size": {
        "SMALL": {
          "count_success": 30,
          "mean_time": 0.006993714968363444,
          "median_time": 0.006829738616943359,
          "mean_path": 5.638190232039972,
          "median_path": 5.621320343559644
        },
        "MEDIUM": {
          "count_success": 48,
          "mean_time": 0.02048662304878235,
          "median_time": 0.020911574363708496,
          "mean_path": 25.15433071720057,
          "median_path": 24.11998771420637
        },
        "LARGE": {
          "count_success": 13,
          "mean_time": 0.023049427912785456,
          "median_time": 0.019347190856933594,
          "mean_path": 52.066474188529504,
          "median_path": 43.90903808236111
        }
      }
    }
  },
  "stats": {
    "per_size": {
      "SMALL": {
        "TA*_vs_Theta*": {
          "t_stat": 80.55370742629381,
          "p_value": 3.3010608630451456e-43,
          "cohens_d": 20.798877822486713,
          "n1": 30,
          "n2": 30
        },
        "TA*_vs_AHA*": {
          "t_stat": 85.60732387278253,
          "p_value": 1.836148060912919e-38,
          "cohens_d": 22.10371597817809,
          "n1": 30,
          "n2": 30
        },
        "Theta*_vs_AHA*": {
          "t_stat": 2.5245089901493962,
          "p_value": 0.0153777407932637,
          "cohens_d": 0.6518254184133011,
          "n1": 30,
          "n2": 30
        }
      },
      "MEDIUM": {
        "TA*_vs_Theta*": {
          "t_stat": 51.610853989866115,
          "p_value": 9.519308744435136e-45,
          "cohens_d": 10.535021455371442,
          "n1": 48,
          "n2": 48
        },
        "TA*_vs_AHA*": {
          "t_stat": 53.717978084058316,
          "p_value": 7.510330174203991e-44,
          "cohens_d": 10.965136359996032,
          "n1": 48,
          "n2": 48
        },
        "Theta*_vs_AHA*": {
          "t_stat": 8.527831369927965,
          "p_value": 4.012606497495898e-11,
          "cohens_d": 1.7407362890685973,
          "n1": 48,
          "n2": 48
        }
      },
      "LARGE": {
        "TA*_vs_Theta*": {
          "t_stat": 27.11911378330675,
          "p_value": 9.338107784372669e-16,
          "cohens_d": 9.039704594435584,
          "n1": 18,
          "n2": 18
        },
        "TA*_vs_AHA*": {
          "t_stat": 27.870187772462497,
          "p_value": 1.2473801702255852e-15,
          "cohens_d": 8.579825175785505,
          "n1": 18,
          "n2": 13
        },
        "Theta*_vs_AHA*": {
          "t_stat": 4.388371713300678,
          "p_value": 0.0004007942349504892,
          "cohens_d": 1.3510098406014137,
          "n1": 18,
          "n2": 13
        }
      }
    },
    "overall": {
      "TA*_vs_Theta*": {
        "t_stat": 6.58702156949255,
        "p_value": 2.4644523971969455e-09,
        "cohens_d": 0.9507546690760987,
        "n1": 96,
        "n2": 96
      },
      "TA*_vs_AHA*": {
        "t_stat": 6.732780015306738,
        "p_value": 1.2605387368978418e-09,
        "cohens_d": 0.9589211058382717,
        "n1": 96,
        "n2": 91
      },
      "Theta*_vs_AHA*": {
        "t_stat": 4.877177113216357,
        "p_value": 4.312547687251031e-06,
        "cohens_d": 0.6946500392965627,
        "n1": 96,
        "n2": 91
      }
    }
  }
}