{
  "scenario_id": 9,
  "terrain_name": "Flat Agricultural Field",
  "terrain_type": "Flat Terrain",
  "map_size": 50.0,
  "start": [
    -13.338777427048413,
    2.055504396217785,
    0.2473293785721855
  ],
  "goal": [
    12.379297870859972,
    -11.468019459633787,
    0.11875030467715085
  ],
  "distance": 29.056928511263404,
  "max_slope": 5.0,
  "validation": {
    "reachable": true,
    "validated_at": "Reachable"
  }
}