{
  "scenario_id": 0,
  "terrain_name": "Flat Agricultural Field",
  "terrain_type": "Flat Terrain",
  "map_size": 50.0,
  "start": [
    1.996627322384409,
    -10.195008285685377,
    0.28080968686154617
  ],
  "goal": [
    -3.4721908255398795,
    15.859702086715572,
    0.22231268577472044
  ],
  "distance": 26.622469917811223,
  "max_slope": 5.0,
  "validation": {
    "reachable": true,
    "validated_at": "Reachable"
  }
}