{
  "scenario_id": 10,
  "terrain_name": "Flat Agricultural Field",
  "terrain_type": "Flat Terrain",
  "map_size": 50.0,
  "start": [
    -9.848798241284225,
    16.21017404070009,
    0.1952138463284418
  ],
  "goal": [
    21.85029870590303,
    17.703251500590852,
    0.1925076955706971
  ],
  "distance": 31.734240617484613,
  "max_slope": 5.0,
  "validation": {
    "reachable": true,
    "validated_at": "Reachable"
  }
}