{
  "scenario_id": 17,
  "terrain_name": "Steep Terrain",
  "terrain_type": "Steep Slope",
  "map_size": 50.0,
  "start": [
    -8.598943686928553,
    6.165687416264657,
    2.937810931222308
  ],
  "goal": [
    1.858610463832953,
    -9.347487459519325,
    3.2380153568416477
  ],
  "distance": 18.708795619781746,
  "max_slope": 30.0,
  "validation": {
    "reachable": true,
    "validated_at": "Reachable"
  }
}