{
  "scenario_id": 9,
  "terrain_name": "Steep Terrain",
  "terrain_type": "Steep Slope",
  "map_size": 50.0,
  "start": [
    -13.338777427048413,
    2.055504396217785,
    2.289230100593678
  ],
  "goal": [
    12.379297870859972,
    -11.468019459633787,
    1.6770273988922557
  ],
  "distance": 29.056928511263404,
  "max_slope": 30.0,
  "validation": {
    "reachable": true,
    "validated_at": "Reachable"
  }
}