{
  "scenario_id": 7,
  "terrain_name": "Flat Agricultural Field",
  "terrain_type": "Flat Terrain",
  "map_size": 50.0,
  "start": [
    22.122359422566326,
    -20.242668514370287,
    0.2015400651429954
  ],
  "goal": [
    17.965113457511187,
    3.5374689724015127,
    0.26665074014361334
  ],
  "distance": 24.14078774405957,
  "max_slope": 5.0
}