{
  "scenario_id": 12,
  "terrain_name": "Flat Agricultural Field",
  "terrain_type": "Flat Terrain",
  "map_size": 50.0,
  "start": [
    19.956699775455277,
    20.533474517218657,
    0.1525171711216632
  ],
  "goal": [
    4.705646255619818,
    -5.162751104974987,
    0.22714091487868768
  ],
  "distance": 29.88127582101485,
  "max_slope": 5.0
}