{
  "scenario_id": 3,
  "terrain_name": "Flat Agricultural Field",
  "terrain_type": "Flat Terrain",
  "map_size": 50.0,
  "start": [
    -14.474901900696548,
    -18.014663038644265,
    0.22309074944363458
  ],
  "goal": [
    -12.893915339250361,
    22.016694096539005,
    0.13247441582520442
  ],
  "distance": 40.06256447847618,
  "max_slope": 5.0
}