{
  "scenario_id": 8,
  "terrain_name": "Flat Agricultural Field",
  "terrain_type": "Flat Terrain",
  "map_size": 50.0,
  "start": [
    11.154065698506955,
    5.988461077867299,
    0.2780388561129019
  ],
  "goal": [
    3.764740850343781,
    -22.059799926761535,
    0.15167279707311754
  ],
  "distance": 29.005293777092902,
  "max_slope": 5.0
}