{
  "scenario_id": 25,
  "name": "steep_slope_00",
  "description": "\u6025\u659c\u9762\u3067\u306e\u767b\u5742\u80fd\u529b\u8a55\u4fa1 \uff08\u969c\u5bb3\u7269\u5bc6\u5ea6: 0.12, \u6700\u5927\u52fe\u914d: 31.9\u5ea6, \u7c97\u3055: 0.59\uff09",
  "terrain_params": {
    "terrain_type": "steep_slope",
    "size_x": 10.0,
    "size_y": 10.0,
    "size_z": 5.0,
    "obstacle_density": 0.1155934856819952,
    "max_slope": 31.89859927515196,
    "roughness": 0.5860924956575448,
    "narrow_passage_width": 3.0,
    "difficulty": "medium"
  },
  "robot_params": {
    "max_slope_capability": 30.0,
    "width": 0.8,
    "height": 0.6,
    "safety_margin": 0.2
  },
  "start_position": [
    -2.3372156508196364,
    -3.839707123971487,
    0.0
  ],
  "goal_position": [
    2.4349729501019777,
    2.788817446240655,
    1.5657540784136819
  ],
  "expected_difficulty": "medium",
  "created_at": "2025-10-17T15:19:42.199065",
  "checksum": "7e6e42e3720fbab8"
}