{
  "scenario_id": 17,
  "name": "gentle_slope_07",
  "description": "\u7de9\u3084\u304b\u306a\u659c\u9762\u3067\u306e\u79fb\u52d5\u6027\u80fd\u8a55\u4fa1 \uff08\u969c\u5bb3\u7269\u5bc6\u5ea6: 0.14, \u6700\u5927\u52fe\u914d: 17.1\u5ea6, \u7c97\u3055: 0.27\uff09",
  "terrain_params": {
    "terrain_type": "gentle_slope",
    "size_x": 10.0,
    "size_y": 10.0,
    "size_z": 3.0,
    "obstacle_density": 0.1362650765960185,
    "max_slope": 17.116308132061672,
    "roughness": 0.2653762970067148,
    "narrow_passage_width": 4.0,
    "difficulty": "easy"
  },
  "robot_params": {
    "max_slope_capability": 30.0,
    "width": 0.8,
    "height": 0.6,
    "safety_margin": 0.2
  },
  "start_position": [
    -2.106099177279798,
    -2.3525713272453275,
    0.0
  ],
  "goal_position": [
    2.39212400184166,
    2.127201039916112,
    2.3923538758775487
  ],
  "expected_difficulty": "easy",
  "created_at": "2025-10-17T15:19:42.198643",
  "checksum": "e7a74e68c16a3259"
}