{
  "scenario_id": 14,
  "name": "gentle_slope_04",
  "description": "\u7de9\u3084\u304b\u306a\u659c\u9762\u3067\u306e\u79fb\u52d5\u6027\u80fd\u8a55\u4fa1 \uff08\u969c\u5bb3\u7269\u5bc6\u5ea6: 0.12, \u6700\u5927\u52fe\u914d: 10.2\u5ea6, \u7c97\u3055: 0.26\uff09",
  "terrain_params": {
    "terrain_type": "gentle_slope",
    "size_x": 10.0,
    "size_y": 10.0,
    "size_z": 3.0,
    "obstacle_density": 0.12270323107725196,
    "max_slope": 10.161804789779678,
    "roughness": 0.26107733861780774,
    "narrow_passage_width": 4.0,
    "difficulty": "easy"
  },
  "robot_params": {
    "max_slope_capability": 30.0,
    "width": 0.8,
    "height": 0.6,
    "safety_margin": 0.2
  },
  "start_position": [
    -3.2224456006509836,
    -2.241526041151538,
    0.0
  ],
  "goal_position": [
    2.5366919076912335,
    2.391833278006968,
    1.4798963691305278
  ],
  "expected_difficulty": "easy",
  "created_at": "2025-10-17T15:19:42.198489",
  "checksum": "5c107c59c203571a"
}