{
  "scenario_id": 97,
  "name": "complex_3d_07",
  "description": "\u8907\u96d1\u306a3D\u5730\u5f62\u3067\u306e\u7dcf\u5408\u6027\u80fd\u8a55\u4fa1 \uff08\u969c\u5bb3\u7269\u5bc6\u5ea6: 0.28, \u6700\u5927\u52fe\u914d: 28.5\u5ea6, \u7c97\u3055: 0.52\uff09",
  "terrain_params": {
    "terrain_type": "complex_3d",
    "size_x": 15.0,
    "size_y": 15.0,
    "size_z": 6.0,
    "obstacle_density": 0.28229150340028525,
    "max_slope": 28.451964915608862,
    "roughness": 0.519804784917821,
    "narrow_passage_width": 2.307230355760491,
    "difficulty": "hard"
  },
  "robot_params": {
    "max_slope_capability": 30.0,
    "width": 0.8,
    "height": 0.6,
    "safety_margin": 0.2
  },
  "start_position": [
    -2.1305970442594253,
    -3.28712083867558,
    0.0
  ],
  "goal_position": [
    4.007656214112846,
    3.3606362863268986,
    0.14259574862344554
  ],
  "expected_difficulty": "medium",
  "created_at": "2025-10-17T15:19:42.202597",
  "checksum": "809a3ee468f6feac"
}