{
  "scenario_id": 7,
  "name": "flat_terrain_07",
  "description": "\u5e73\u5766\u306a\u5730\u5f62\u3067\u306e\u30d9\u30fc\u30b9\u30e9\u30a4\u30f3\u8a55\u4fa1 \uff08\u969c\u5bb3\u7269\u5bc6\u5ea6: 0.08, \u6700\u5927\u52fe\u914d: 4.4\u5ea6, \u7c97\u3055: 0.08\uff09",
  "terrain_params": {
    "terrain_type": "flat_terrain",
    "size_x": 10.0,
    "size_y": 10.0,
    "size_z": 0.5,
    "obstacle_density": 0.0762298091884058,
    "max_slope": 4.400508614938096,
    "roughness": 0.0839968435213237,
    "narrow_passage_width": 5.0,
    "difficulty": "easy"
  },
  "robot_params": {
    "max_slope_capability": 30.0,
    "width": 0.8,
    "height": 0.6,
    "safety_margin": 0.2
  },
  "start_position": [
    -3.093696525578133,
    -2.5969399057762774,
    0.0
  ],
  "goal_position": [
    2.7908650920649247,
    3.040656083978535,
    2.1488129315136333
  ],
  "expected_difficulty": "easy",
  "created_at": "2025-10-17T15:19:42.198116",
  "checksum": "03c9a9620a81e135"
}