{
  "scenario_id": 63,
  "name": "obstacle_field_03",
  "description": "\u9ad8\u5bc6\u5ea6\u969c\u5bb3\u7269\u74b0\u5883\u3067\u306e\u56de\u907f\u80fd\u529b\u8a55\u4fa1 \uff08\u969c\u5bb3\u7269\u5bc6\u5ea6: 0.45, \u6700\u5927\u52fe\u914d: 13.2\u5ea6, \u7c97\u3055: 0.31\uff09",
  "terrain_params": {
    "terrain_type": "obstacle_field",
    "size_x": 10.0,
    "size_y": 10.0,
    "size_z": 2.0,
    "obstacle_density": 0.45399426923332925,
    "max_slope": 13.150401933704945,
    "roughness": 0.3136848949202798,
    "narrow_passage_width": 2.5,
    "difficulty": "medium"
  },
  "robot_params": {
    "max_slope_capability": 30.0,
    "width": 0.8,
    "height": 0.6,
    "safety_margin": 0.2
  },
  "start_position": [
    -2.838614227686005,
    -3.7507499219796463,
    0.0
  ],
  "goal_position": [
    3.955138385313697,
    3.4400427570682357,
    1.253073924863478
  ],
  "expected_difficulty": "medium",
  "created_at": "2025-10-17T15:19:42.201009",
  "checksum": "dcee9be4353acea7"
}