{
  "scenario_id": 79,
  "name": "obstacle_field_19",
  "description": "\u9ad8\u5bc6\u5ea6\u969c\u5bb3\u7269\u74b0\u5883\u3067\u306e\u56de\u907f\u80fd\u529b\u8a55\u4fa1 \uff08\u969c\u5bb3\u7269\u5bc6\u5ea6: 0.47, \u6700\u5927\u52fe\u914d: 5.4\u5ea6, \u7c97\u3055: 0.27\uff09",
  "terrain_params": {
    "terrain_type": "obstacle_field",
    "size_x": 10.0,
    "size_y": 10.0,
    "size_z": 2.0,
    "obstacle_density": 0.47110909683738167,
    "max_slope": 5.419875203482148,
    "roughness": 0.2656191943048657,
    "narrow_passage_width": 2.5,
    "difficulty": "medium"
  },
  "robot_params": {
    "max_slope_capability": 30.0,
    "width": 0.8,
    "height": 0.6,
    "safety_margin": 0.2
  },
  "start_position": [
    -4.257156133375246,
    -2.360622598043231,
    0.0
  ],
  "goal_position": [
    2.7991609740788284,
    3.800396699280799,
    0.8920628924713964
  ],
  "expected_difficulty": "medium",
  "created_at": "2025-10-17T15:19:42.201752",
  "checksum": "1ac58ff6811ad211"
}