{
  "scenario_id": 72,
  "name": "obstacle_field_12",
  "description": "\u9ad8\u5bc6\u5ea6\u969c\u5bb3\u7269\u74b0\u5883\u3067\u306e\u56de\u907f\u80fd\u529b\u8a55\u4fa1 \uff08\u969c\u5bb3\u7269\u5bc6\u5ea6: 0.43, \u6700\u5927\u52fe\u914d: 5.9\u5ea6, \u7c97\u3055: 0.30\uff09",
  "terrain_params": {
    "terrain_type": "obstacle_field",
    "size_x": 10.0,
    "size_y": 10.0,
    "size_z": 2.0,
    "obstacle_density": 0.4261743637504418,
    "max_slope": 5.9234776635300745,
    "roughness": 0.30050671579854793,
    "narrow_passage_width": 2.5,
    "difficulty": "medium"
  },
  "robot_params": {
    "max_slope_capability": 30.0,
    "width": 0.8,
    "height": 0.6,
    "safety_margin": 0.2
  },
  "start_position": [
    -2.3893670410046957,
    -2.1445790551972905,
    0.0
  ],
  "goal_position": [
    3.6451637769140017,
    2.360437672397361,
    0.02157486446108553
  ],
  "expected_difficulty": "medium",
  "created_at": "2025-10-17T15:19:42.201427",
  "checksum": "aaa3dce8fa6bffb8"
}