{
  "scenario_id": 60,
  "name": "obstacle_field_00",
  "description": "\u9ad8\u5bc6\u5ea6\u969c\u5bb3\u7269\u74b0\u5883\u3067\u306e\u56de\u907f\u80fd\u529b\u8a55\u4fa1 \uff08\u969c\u5bb3\u7269\u5bc6\u5ea6: 0.36, \u6700\u5927\u52fe\u914d: 6.6\u5ea6, \u7c97\u3055: 0.33\uff09",
  "terrain_params": {
    "terrain_type": "obstacle_field",
    "size_x": 10.0,
    "size_y": 10.0,
    "size_z": 2.0,
    "obstacle_density": 0.35839899473168413,
    "max_slope": 6.613167912246554,
    "roughness": 0.3270774609315813,
    "narrow_passage_width": 2.5,
    "difficulty": "medium"
  },
  "robot_params": {
    "max_slope_capability": 30.0,
    "width": 0.8,
    "height": 0.6,
    "safety_margin": 0.2
  },
  "start_position": [
    -4.060286536402283,
    -4.2445793254102835,
    0.0
  ],
  "goal_position": [
    3.4751893660017075,
    3.9771271146423484,
    2.4274963630520094
  ],
  "expected_difficulty": "medium",
  "created_at": "2025-10-17T15:19:42.200873",
  "checksum": "1486a5084324cb3e"
}