{
  "scenario_id": 18,
  "name": "gentle_slope_08",
  "description": "\u7de9\u3084\u304b\u306a\u659c\u9762\u3067\u306e\u79fb\u52d5\u6027\u80fd\u8a55\u4fa1 \uff08\u969c\u5bb3\u7269\u5bc6\u5ea6: 0.11, \u6700\u5927\u52fe\u914d: 15.9\u5ea6, \u7c97\u3055: 0.27\uff09",
  "terrain_params": {
    "terrain_type": "gentle_slope",
    "size_x": 10.0,
    "size_y": 10.0,
    "size_z": 3.0,
    "obstacle_density": 0.11143479270660447,
    "max_slope": 15.925623193827018,
    "roughness": 0.265537646357243,
    "narrow_passage_width": 4.0,
    "difficulty": "easy"
  },
  "robot_params": {
    "max_slope_capability": 30.0,
    "width": 0.8,
    "height": 0.6,
    "safety_margin": 0.2
  },
  "start_position": [
    -4.0337083237879225,
    -2.8125179916043974,
    0.0
  ],
  "goal_position": [
    3.477434844611775,
    4.186720550150145,
    1.5128827424714282
  ],
  "expected_difficulty": "easy",
  "created_at": "2025-10-17T15:19:42.198694",
  "checksum": "848adbe4a9b23174"
}