{
  "scenario_id": 42,
  "name": "mixed_terrain_02",
  "description": "\u591a\u69d8\u306a\u5730\u5f62\u8981\u7d20\u304c\u6df7\u5728\u3059\u308b\u74b0\u5883\u3067\u306e\u9069\u5fdc\u6027\u8a55\u4fa1 \uff08\u969c\u5bb3\u7269\u5bc6\u5ea6: 0.15, \u6700\u5927\u52fe\u914d: 19.7\u5ea6, \u7c97\u3055: 0.58\uff09",
  "terrain_params": {
    "terrain_type": "mixed_terrain",
    "size_x": 12.0,
    "size_y": 12.0,
    "size_z": 4.0,
    "obstacle_density": 0.15056342510239026,
    "max_slope": 19.729690411723077,
    "roughness": 0.577074264029291,
    "narrow_passage_width": 3.5,
    "difficulty": "medium"
  },
  "robot_params": {
    "max_slope_capability": 30.0,
    "width": 0.8,
    "height": 0.6,
    "safety_margin": 0.2
  },
  "start_position": [
    -4.142247728426286,
    -2.0438725787421816,
    0.0
  ],
  "goal_position": [
    3.929144409573488,
    2.0702760323787204,
    1.657074437071889
  ],
  "expected_difficulty": "easy",
  "created_at": "2025-10-17T15:19:42.200031",
  "checksum": "31c6b6fe68d0a81b"
}