{
  "scenario_id": 46,
  "name": "mixed_terrain_06",
  "description": "\u591a\u69d8\u306a\u5730\u5f62\u8981\u7d20\u304c\u6df7\u5728\u3059\u308b\u74b0\u5883\u3067\u306e\u9069\u5fdc\u6027\u8a55\u4fa1 \uff08\u969c\u5bb3\u7269\u5bc6\u5ea6: 0.25, \u6700\u5927\u52fe\u914d: 25.5\u5ea6, \u7c97\u3055: 0.56\uff09",
  "terrain_params": {
    "terrain_type": "mixed_terrain",
    "size_x": 12.0,
    "size_y": 12.0,
    "size_z": 4.0,
    "obstacle_density": 0.24691875059005453,
    "max_slope": 25.54248305852026,
    "roughness": 0.5564984440423384,
    "narrow_passage_width": 3.5,
    "difficulty": "medium"
  },
  "robot_params": {
    "max_slope_capability": 30.0,
    "width": 0.8,
    "height": 0.6,
    "safety_margin": 0.2
  },
  "start_position": [
    -2.0909876441067827,
    -4.107878006904332,
    0.0
  ],
  "goal_position": [
    2.6116033337626843,
    3.5789342265073474,
    0.34593870138968
  ],
  "expected_difficulty": "medium",
  "created_at": "2025-10-17T15:19:42.200247",
  "checksum": "7042479c92be5984"
}