{
  "scenario_id": 68,
  "name": "obstacle_field_08",
  "description": "\u9ad8\u5bc6\u5ea6\u969c\u5bb3\u7269\u74b0\u5883\u3067\u306e\u56de\u907f\u80fd\u529b\u8a55\u4fa1 \uff08\u969c\u5bb3\u7269\u5bc6\u5ea6: 0.43, \u6700\u5927\u52fe\u914d: 13.3\u5ea6, \u7c97\u3055: 0.38\uff09",
  "terrain_params": {
    "terrain_type": "obstacle_field",
    "size_x": 10.0,
    "size_y": 10.0,
    "size_z": 2.0,
    "obstacle_density": 0.42500500299240385,
    "max_slope": 13.295629431577472,
    "roughness": 0.37871940941990656,
    "narrow_passage_width": 2.5,
    "difficulty": "medium"
  },
  "robot_params": {
    "max_slope_capability": 30.0,
    "width": 0.8,
    "height": 0.6,
    "safety_margin": 0.2
  },
  "start_position": [
    -3.9699953788366336,
    -2.276312279565894,
    0.0
  ],
  "goal_position": [
    2.2672347961870596,
    3.2500059076578305,
    0.6816232840753664
  ],
  "expected_difficulty": "medium",
  "created_at": "2025-10-17T15:19:42.201237",
  "checksum": "eeed97ddb14625fa"
}