{
  "scenario_id": 90,
  "name": "complex_3d_00",
  "description": "\u8907\u96d1\u306a3D\u5730\u5f62\u3067\u306e\u7dcf\u5408\u6027\u80fd\u8a55\u4fa1 \uff08\u969c\u5bb3\u7269\u5bc6\u5ea6: 0.39, \u6700\u5927\u52fe\u914d: 32.1\u5ea6, \u7c97\u3055: 0.69\uff09",
  "terrain_params": {
    "terrain_type": "complex_3d",
    "size_x": 15.0,
    "size_y": 15.0,
    "size_z": 6.0,
    "obstacle_density": 0.3894739703617256,
    "max_slope": 32.099842361629015,
    "roughness": 0.6894306485206091,
    "narrow_passage_width": 2.7422925846108197,
    "difficulty": "hard"
  },
  "robot_params": {
    "max_slope_capability": 30.0,
    "width": 0.8,
    "height": 0.6,
    "safety_margin": 0.2
  },
  "start_position": [
    -2.602423817760605,
    -4.148560110540764,
    0.0
  ],
  "goal_position": [
    2.810764439792295,
    2.623053988619505,
    1.271489740963888
  ],
  "expected_difficulty": "hard",
  "created_at": "2025-10-17T15:19:42.202299",
  "checksum": "b0b9e09d0cc00b95"
}