{
  "scenario_id": 12,
  "name": "gentle_slope_02",
  "description": "\u7de9\u3084\u304b\u306a\u659c\u9762\u3067\u306e\u79fb\u52d5\u6027\u80fd\u8a55\u4fa1 \uff08\u969c\u5bb3\u7269\u5bc6\u5ea6: 0.13, \u6700\u5927\u52fe\u914d: 10.2\u5ea6, \u7c97\u3055: 0.34\uff09",
  "terrain_params": {
    "terrain_type": "gentle_slope",
    "size_x": 10.0,
    "size_y": 10.0,
    "size_z": 3.0,
    "obstacle_density": 0.1283755777202547,
    "max_slope": 10.180443031178967,
    "roughness": 0.34053649883603576,
    "narrow_passage_width": 4.0,
    "difficulty": "easy"
  },
  "robot_params": {
    "max_slope_capability": 30.0,
    "width": 0.8,
    "height": 0.6,
    "safety_margin": 0.2
  },
  "start_position": [
    -2.668593928073302,
    -3.5817391027442245,
    0.0
  ],
  "goal_position": [
    3.6334294890097327,
    3.702622360492342,
    0.17264162873600553
  ],
  "expected_difficulty": "easy",
  "created_at": "2025-10-17T15:19:42.198385",
  "checksum": "16f311464c875649"
}