{
  "scenario_id": 83,
  "name": "narrow_passage_03",
  "description": "\u72ed\u3044\u901a\u8def\u3067\u306e\u7cbe\u5bc6\u5236\u5fa1\u8a55\u4fa1 \uff08\u969c\u5bb3\u7269\u5bc6\u5ea6: 0.42, \u6700\u5927\u52fe\u914d: 6.3\u5ea6, \u7c97\u3055: 0.48\uff09",
  "terrain_params": {
    "terrain_type": "narrow_passage",
    "size_x": 10.0,
    "size_y": 10.0,
    "size_z": 2.0,
    "obstacle_density": 0.4224461853543829,
    "max_slope": 6.300348399455107,
    "roughness": 0.4808255873459958,
    "narrow_passage_width": 1.5348270174643162,
    "difficulty": "hard"
  },
  "robot_params": {
    "max_slope_capability": 30.0,
    "width": 0.8,
    "height": 0.6,
    "safety_margin": 0.2
  },
  "start_position": [
    -3.82109766823037,
    -2.4078554751738883,
    0.0
  ],
  "goal_position": [
    4.193072715192567,
    4.4993503477731185,
    0.5296009657841555
  ],
  "expected_difficulty": "hard",
  "created_at": "2025-10-17T15:19:42.201979",
  "checksum": "1d0049d2a802e1dd"
}