{
  "scenario_id": 27,
  "name": "steep_slope_02",
  "description": "\u6025\u659c\u9762\u3067\u306e\u767b\u5742\u80fd\u529b\u8a55\u4fa1 \uff08\u969c\u5bb3\u7269\u5bc6\u5ea6: 0.14, \u6700\u5927\u52fe\u914d: 29.7\u5ea6, \u7c97\u3055: 0.44\uff09",
  "terrain_params": {
    "terrain_type": "steep_slope",
    "size_x": 10.0,
    "size_y": 10.0,
    "size_z": 5.0,
    "obstacle_density": 0.1411616761564321,
    "max_slope": 29.74937917058591,
    "roughness": 0.4379548720768597,
    "narrow_passage_width": 3.0,
    "difficulty": "medium"
  },
  "robot_params": {
    "max_slope_capability": 30.0,
    "width": 0.8,
    "height": 0.6,
    "safety_margin": 0.2
  },
  "start_position": [
    -2.413346635046443,
    -3.0382195263370178,
    0.0
  ],
  "goal_position": [
    3.1388968267139097,
    3.604246741602543,
    0.9455059523396814
  ],
  "expected_difficulty": "easy",
  "created_at": "2025-10-17T15:19:42.199171",
  "checksum": "e5180af1b6cfc171"
}