{
  "scenario_id": 75,
  "name": "obstacle_field_15",
  "description": "\u9ad8\u5bc6\u5ea6\u969c\u5bb3\u7269\u74b0\u5883\u3067\u306e\u56de\u907f\u80fd\u529b\u8a55\u4fa1 \uff08\u969c\u5bb3\u7269\u5bc6\u5ea6: 0.42, \u6700\u5927\u52fe\u914d: 9.6\u5ea6, \u7c97\u3055: 0.23\uff09",
  "terrain_params": {
    "terrain_type": "obstacle_field",
    "size_x": 10.0,
    "size_y": 10.0,
    "size_z": 2.0,
    "obstacle_density": 0.41962288081872423,
    "max_slope": 9.560940323467786,
    "roughness": 0.22687797815300126,
    "narrow_passage_width": 2.5,
    "difficulty": "medium"
  },
  "robot_params": {
    "max_slope_capability": 30.0,
    "width": 0.8,
    "height": 0.6,
    "safety_margin": 0.2
  },
  "start_position": [
    -3.5555277736919626,
    -4.113459838769099,
    0.0
  ],
  "goal_position": [
    4.275725307582402,
    4.0662338180649575,
    2.187830285164783
  ],
  "expected_difficulty": "medium",
  "created_at": "2025-10-17T15:19:42.201565",
  "checksum": "232e1383297a56aa"
}