{
  "scenario_id": 31,
  "name": "steep_slope_06",
  "description": "\u6025\u659c\u9762\u3067\u306e\u767b\u5742\u80fd\u529b\u8a55\u4fa1 \uff08\u969c\u5bb3\u7269\u5bc6\u5ea6: 0.15, \u6700\u5927\u52fe\u914d: 25.4\u5ea6, \u7c97\u3055: 0.50\uff09",
  "terrain_params": {
    "terrain_type": "steep_slope",
    "size_x": 10.0,
    "size_y": 10.0,
    "size_z": 5.0,
    "obstacle_density": 0.14911263071487865,
    "max_slope": 25.37376970209265,
    "roughness": 0.5024085895428422,
    "narrow_passage_width": 3.0,
    "difficulty": "medium"
  },
  "robot_params": {
    "max_slope_capability": 30.0,
    "width": 0.8,
    "height": 0.6,
    "safety_margin": 0.2
  },
  "start_position": [
    -2.9184827560450644,
    -3.1278846793260437,
    0.0
  ],
  "goal_position": [
    2.5826735511311494,
    2.838108747707822,
    1.6326752921594803
  ],
  "expected_difficulty": "easy",
  "created_at": "2025-10-17T15:19:42.199376",
  "checksum": "27ce83aaff21805f"
}