{
  "scenario_id": 80,
  "name": "narrow_passage_00",
  "description": "\u72ed\u3044\u901a\u8def\u3067\u306e\u7cbe\u5bc6\u5236\u5fa1\u8a55\u4fa1 \uff08\u969c\u5bb3\u7269\u5bc6\u5ea6: 0.50, \u6700\u5927\u52fe\u914d: 14.1\u5ea6, \u7c97\u3055: 0.39\uff09",
  "terrain_params": {
    "terrain_type": "narrow_passage",
    "size_x": 10.0,
    "size_y": 10.0,
    "size_z": 2.0,
    "obstacle_density": 0.5009961603874531,
    "max_slope": 14.088914075716945,
    "roughness": 0.39149743783350766,
    "narrow_passage_width": 1.3265917087834975,
    "difficulty": "hard"
  },
  "robot_params": {
    "max_slope_capability": 30.0,
    "width": 0.8,
    "height": 0.6,
    "safety_margin": 0.2
  },
  "start_position": [
    -3.0163749443716665,
    -3.8607636096564137,
    0.0
  ],
  "goal_position": [
    2.5967732662939245,
    4.388826231699541,
    2.3972446761226567
  ],
  "expected_difficulty": "hard",
  "created_at": "2025-10-17T15:19:42.201805",
  "checksum": "ce52e6790cc26ee4"
}