{
  "scenario_id": 26,
  "name": "steep_slope_01",
  "description": "\u6025\u659c\u9762\u3067\u306e\u767b\u5742\u80fd\u529b\u8a55\u4fa1 \uff08\u969c\u5bb3\u7269\u5bc6\u5ea6: 0.16, \u6700\u5927\u52fe\u914d: 29.6\u5ea6, \u7c97\u3055: 0.41\uff09",
  "terrain_params": {
    "terrain_type": "steep_slope",
    "size_x": 10.0,
    "size_y": 10.0,
    "size_z": 5.0,
    "obstacle_density": 0.15885460394897302,
    "max_slope": 29.64380140763414,
    "roughness": 0.41312953566797583,
    "narrow_passage_width": 3.0,
    "difficulty": "medium"
  },
  "robot_params": {
    "max_slope_capability": 30.0,
    "width": 0.8,
    "height": 0.6,
    "safety_margin": 0.2
  },
  "start_position": [
    -4.367945430822248,
    -3.695508163829354,
    0.0
  ],
  "goal_position": [
    4.24131059676034,
    2.1120728512419866,
    2.2677246094209695
  ],
  "expected_difficulty": "easy",
  "created_at": "2025-10-17T15:19:42.199118",
  "checksum": "1d66a423ac1aa201"
}