{
  "scenario_id": 54,
  "name": "mixed_terrain_14",
  "description": "\u591a\u69d8\u306a\u5730\u5f62\u8981\u7d20\u304c\u6df7\u5728\u3059\u308b\u74b0\u5883\u3067\u306e\u9069\u5fdc\u6027\u8a55\u4fa1 \uff08\u969c\u5bb3\u7269\u5bc6\u5ea6: 0.18, \u6700\u5927\u52fe\u914d: 20.9\u5ea6, \u7c97\u3055: 0.49\uff09",
  "terrain_params": {
    "terrain_type": "mixed_terrain",
    "size_x": 12.0,
    "size_y": 12.0,
    "size_z": 4.0,
    "obstacle_density": 0.17682531201390833,
    "max_slope": 20.932903846631685,
    "roughness": 0.49047928723937273,
    "narrow_passage_width": 3.5,
    "difficulty": "medium"
  },
  "robot_params": {
    "max_slope_capability": 30.0,
    "width": 0.8,
    "height": 0.6,
    "safety_margin": 0.2
  },
  "start_position": [
    -4.299064975390545,
    -4.25028896377793,
    0.0
  ],
  "goal_position": [
    4.378342782269124,
    2.8392724426327747,
    1.8072082397947296
  ],
  "expected_difficulty": "easy",
  "created_at": "2025-10-17T15:19:42.200599",
  "checksum": "690b4a7b7f6556f1"
}