{
  "scenario_id": 66,
  "name": "obstacle_field_06",
  "description": "\u9ad8\u5bc6\u5ea6\u969c\u5bb3\u7269\u74b0\u5883\u3067\u306e\u56de\u907f\u80fd\u529b\u8a55\u4fa1 \uff08\u969c\u5bb3\u7269\u5bc6\u5ea6: 0.40, \u6700\u5927\u52fe\u914d: 8.0\u5ea6, \u7c97\u3055: 0.25\uff09",
  "terrain_params": {
    "terrain_type": "obstacle_field",
    "size_x": 10.0,
    "size_y": 10.0,
    "size_z": 2.0,
    "obstacle_density": 0.39865158634987774,
    "max_slope": 7.968056838992932,
    "roughness": 0.245095889641129,
    "narrow_passage_width": 2.5,
    "difficulty": "medium"
  },
  "robot_params": {
    "max_slope_capability": 30.0,
    "width": 0.8,
    "height": 0.6,
    "safety_margin": 0.2
  },
  "start_position": [
    -2.7876957804168683,
    -3.5385031574846364,
    0.0
  ],
  "goal_position": [
    3.8687643982883713,
    4.365040397524201,
    0.8069121117014957
  ],
  "expected_difficulty": "medium",
  "created_at": "2025-10-17T15:19:42.201144",
  "checksum": "a37dd7c8ac9219b3"
}