{
  "scenario_id": 36,
  "name": "steep_slope_11",
  "description": "\u6025\u659c\u9762\u3067\u306e\u767b\u5742\u80fd\u529b\u8a55\u4fa1 \uff08\u969c\u5bb3\u7269\u5bc6\u5ea6: 0.20, \u6700\u5927\u52fe\u914d: 28.3\u5ea6, \u7c97\u3055: 0.44\uff09",
  "terrain_params": {
    "terrain_type": "steep_slope",
    "size_x": 10.0,
    "size_y": 10.0,
    "size_z": 5.0,
    "obstacle_density": 0.19790900688057622,
    "max_slope": 28.341760977914635,
    "roughness": 0.4361978364304048,
    "narrow_passage_width": 3.0,
    "difficulty": "medium"
  },
  "robot_params": {
    "max_slope_capability": 30.0,
    "width": 0.8,
    "height": 0.6,
    "safety_margin": 0.2
  },
  "start_position": [
    -3.1825273115867034,
    -2.28520290438765,
    0.0
  ],
  "goal_position": [
    3.14578210944417,
    2.090712872713491,
    0.8979641010550752
  ],
  "expected_difficulty": "easy",
  "created_at": "2025-10-17T15:19:42.199623",
  "checksum": "c9600d6c03e660d0"
}