{
  "scenario_id": 78,
  "name": "obstacle_field_18",
  "description": "\u9ad8\u5bc6\u5ea6\u969c\u5bb3\u7269\u74b0\u5883\u3067\u306e\u56de\u907f\u80fd\u529b\u8a55\u4fa1 \uff08\u969c\u5bb3\u7269\u5bc6\u5ea6: 0.47, \u6700\u5927\u52fe\u914d: 11.8\u5ea6, \u7c97\u3055: 0.34\uff09",
  "terrain_params": {
    "terrain_type": "obstacle_field",
    "size_x": 10.0,
    "size_y": 10.0,
    "size_z": 2.0,
    "obstacle_density": 0.4713060983940742,
    "max_slope": 11.79360634871885,
    "roughness": 0.34326757810166497,
    "narrow_passage_width": 2.5,
    "difficulty": "medium"
  },
  "robot_params": {
    "max_slope_capability": 30.0,
    "width": 0.8,
    "height": 0.6,
    "safety_margin": 0.2
  },
  "start_position": [
    -3.969649463465533,
    -4.003788857122165,
    0.0
  ],
  "goal_position": [
    2.842469095942724,
    3.8302879754201475,
    0.7315973470388354
  ],
  "expected_difficulty": "medium",
  "created_at": "2025-10-17T15:19:42.201706",
  "checksum": "9dc76310b80f53fc"
}