{
  "scenario_id": 96,
  "name": "complex_3d_06",
  "description": "\u8907\u96d1\u306a3D\u5730\u5f62\u3067\u306e\u7dcf\u5408\u6027\u80fd\u8a55\u4fa1 \uff08\u969c\u5bb3\u7269\u5bc6\u5ea6: 0.27, \u6700\u5927\u52fe\u914d: 22.9\u5ea6, \u7c97\u3055: 0.56\uff09",
  "terrain_params": {
    "terrain_type": "complex_3d",
    "size_x": 15.0,
    "size_y": 15.0,
    "size_z": 6.0,
    "obstacle_density": 0.27224629105378806,
    "max_slope": 22.88878173580503,
    "roughness": 0.559757044188179,
    "narrow_passage_width": 2.7248079667977074,
    "difficulty": "hard"
  },
  "robot_params": {
    "max_slope_capability": 30.0,
    "width": 0.8,
    "height": 0.6,
    "safety_margin": 0.2
  },
  "start_position": [
    -4.393663482020924,
    -2.7228930016036332,
    0.0
  ],
  "goal_position": [
    4.4734476160169905,
    4.386583374804884,
    1.2036164546648025
  ],
  "expected_difficulty": "medium",
  "created_at": "2025-10-17T15:19:42.202556",
  "checksum": "a15c12c1076fabad"
}