{
  "scenario_id": 33,
  "name": "steep_slope_08",
  "description": "\u6025\u659c\u9762\u3067\u306e\u767b\u5742\u80fd\u529b\u8a55\u4fa1 \uff08\u969c\u5bb3\u7269\u5bc6\u5ea6: 0.12, \u6700\u5927\u52fe\u914d: 27.0\u5ea6, \u7c97\u3055: 0.41\uff09",
  "terrain_params": {
    "terrain_type": "steep_slope",
    "size_x": 10.0,
    "size_y": 10.0,
    "size_z": 5.0,
    "obstacle_density": 0.11693013252384345,
    "max_slope": 27.00499400443048,
    "roughness": 0.4075230356574362,
    "narrow_passage_width": 3.0,
    "difficulty": "medium"
  },
  "robot_params": {
    "max_slope_capability": 30.0,
    "width": 0.8,
    "height": 0.6,
    "safety_margin": 0.2
  },
  "start_position": [
    -4.4952442399480805,
    -3.8522051342945254,
    0.0
  ],
  "goal_position": [
    4.113269853833106,
    2.226222500172806,
    0.3579402503508361
  ],
  "expected_difficulty": "easy",
  "created_at": "2025-10-17T15:19:42.199474",
  "checksum": "efe9f64c60fbf8ff"
}