{
  "scenario_id": 91,
  "name": "complex_3d_01",
  "description": "\u8907\u96d1\u306a3D\u5730\u5f62\u3067\u306e\u7dcf\u5408\u6027\u80fd\u8a55\u4fa1 \uff08\u969c\u5bb3\u7269\u5bc6\u5ea6: 0.26, \u6700\u5927\u52fe\u914d: 33.6\u5ea6, \u7c97\u3055: 0.52\uff09",
  "terrain_params": {
    "terrain_type": "complex_3d",
    "size_x": 15.0,
    "size_y": 15.0,
    "size_z": 6.0,
    "obstacle_density": 0.2564860246322853,
    "max_slope": 33.63219245401788,
    "roughness": 0.5192091923909864,
    "narrow_passage_width": 2.97881140163191,
    "difficulty": "hard"
  },
  "robot_params": {
    "max_slope_capability": 30.0,
    "width": 0.8,
    "height": 0.6,
    "safety_margin": 0.2
  },
  "start_position": [
    -3.0045521945846856,
    -2.7965734652251117,
    0.0
  ],
  "goal_position": [
    3.3647703309119144,
    2.0783126020822915,
    2.205921109364491
  ],
  "expected_difficulty": "hard",
  "created_at": "2025-10-17T15:19:42.202341",
  "checksum": "935e6ee43a328fee"
}