{
  "scenario_id": 98,
  "name": "complex_3d_08",
  "description": "\u8907\u96d1\u306a3D\u5730\u5f62\u3067\u306e\u7dcf\u5408\u6027\u80fd\u8a55\u4fa1 \uff08\u969c\u5bb3\u7269\u5bc6\u5ea6: 0.40, \u6700\u5927\u52fe\u914d: 24.2\u5ea6, \u7c97\u3055: 0.80\uff09",
  "terrain_params": {
    "terrain_type": "complex_3d",
    "size_x": 15.0,
    "size_y": 15.0,
    "size_z": 6.0,
    "obstacle_density": 0.39911152014750395,
    "max_slope": 24.152326585055157,
    "roughness": 0.7954948613577674,
    "narrow_passage_width": 2.3709789043515026,
    "difficulty": "hard"
  },
  "robot_params": {
    "max_slope_capability": 30.0,
    "width": 0.8,
    "height": 0.6,
    "safety_margin": 0.2
  },
  "start_position": [
    -4.4138438010096435,
    -3.5569496781863434,
    0.0
  ],
  "goal_position": [
    2.484674017266326,
    3.7835241640466033,
    0.14061891681391075
  ],
  "expected_difficulty": "medium",
  "created_at": "2025-10-17T15:19:42.202638",
  "checksum": "c0d690034601b9ca"
}