{
  "scenario_id": 64,
  "name": "obstacle_field_04",
  "description": "\u9ad8\u5bc6\u5ea6\u969c\u5bb3\u7269\u74b0\u5883\u3067\u306e\u56de\u907f\u80fd\u529b\u8a55\u4fa1 \uff08\u969c\u5bb3\u7269\u5bc6\u5ea6: 0.41, \u6700\u5927\u52fe\u914d: 8.1\u5ea6, \u7c97\u3055: 0.31\uff09",
  "terrain_params": {
    "terrain_type": "obstacle_field",
    "size_x": 10.0,
    "size_y": 10.0,
    "size_z": 2.0,
    "obstacle_density": 0.41369142415369925,
    "max_slope": 8.125281943358171,
    "roughness": 0.311865916429648,
    "narrow_passage_width": 2.5,
    "difficulty": "medium"
  },
  "robot_params": {
    "max_slope_capability": 30.0,
    "width": 0.8,
    "height": 0.6,
    "safety_margin": 0.2
  },
  "start_position": [
    -2.7164809246264525,
    -2.6365264581279773,
    0.0
  ],
  "goal_position": [
    2.1016342589156345,
    3.8323679214023785,
    1.1315142528078241
  ],
  "expected_difficulty": "medium",
  "created_at": "2025-10-17T15:19:42.201052",
  "checksum": "896d6d2f6a5277cb"
}