{
  "scenario_id": 40,
  "name": "mixed_terrain_00",
  "description": "\u591a\u69d8\u306a\u5730\u5f62\u8981\u7d20\u304c\u6df7\u5728\u3059\u308b\u74b0\u5883\u3067\u306e\u9069\u5fdc\u6027\u8a55\u4fa1 \uff08\u969c\u5bb3\u7269\u5bc6\u5ea6: 0.17, \u6700\u5927\u52fe\u914d: 20.3\u5ea6, \u7c97\u3055: 0.42\uff09",
  "terrain_params": {
    "terrain_type": "mixed_terrain",
    "size_x": 12.0,
    "size_y": 12.0,
    "size_z": 4.0,
    "obstacle_density": 0.17022306970327386,
    "max_slope": 20.297221020356993,
    "roughness": 0.4169249937307343,
    "narrow_passage_width": 3.5,
    "difficulty": "medium"
  },
  "robot_params": {
    "max_slope_capability": 30.0,
    "width": 0.8,
    "height": 0.6,
    "safety_margin": 0.2
  },
  "start_position": [
    -2.049499967063347,
    -4.102664967184189,
    0.0
  ],
  "goal_position": [
    3.069047247947607,
    2.7355635756307577,
    1.6760614262291196
  ],
  "expected_difficulty": "easy",
  "created_at": "2025-10-17T15:19:42.199927",
  "checksum": "8663cbdce1827729"
}