{
  "scenario_id": 69,
  "name": "obstacle_field_09",
  "description": "\u9ad8\u5bc6\u5ea6\u969c\u5bb3\u7269\u74b0\u5883\u3067\u306e\u56de\u907f\u80fd\u529b\u8a55\u4fa1 \uff08\u969c\u5bb3\u7269\u5bc6\u5ea6: 0.47, \u6700\u5927\u52fe\u914d: 11.1\u5ea6, \u7c97\u3055: 0.33\uff09",
  "terrain_params": {
    "terrain_type": "obstacle_field",
    "size_x": 10.0,
    "size_y": 10.0,
    "size_z": 2.0,
    "obstacle_density": 0.46755735515086994,
    "max_slope": 11.145548642841755,
    "roughness": 0.32892453772109986,
    "narrow_passage_width": 2.5,
    "difficulty": "medium"
  },
  "robot_params": {
    "max_slope_capability": 30.0,
    "width": 0.8,
    "height": 0.6,
    "safety_margin": 0.2
  },
  "start_position": [
    -3.7810258306652536,
    -3.213438767311005,
    0.0
  ],
  "goal_position": [
    2.1409217986666698,
    3.6347655631116385,
    0.12058485362253318
  ],
  "expected_difficulty": "medium",
  "created_at": "2025-10-17T15:19:42.201285",
  "checksum": "b8cb1c4d730520a5"
}