{
  "scenario_id": 87,
  "name": "narrow_passage_07",
  "description": "\u72ed\u3044\u901a\u8def\u3067\u306e\u7cbe\u5bc6\u5236\u5fa1\u8a55\u4fa1 \uff08\u969c\u5bb3\u7269\u5bc6\u5ea6: 0.48, \u6700\u5927\u52fe\u914d: 11.5\u5ea6, \u7c97\u3055: 0.33\uff09",
  "terrain_params": {
    "terrain_type": "narrow_passage",
    "size_x": 10.0,
    "size_y": 10.0,
    "size_z": 2.0,
    "obstacle_density": 0.48308991603682183,
    "max_slope": 11.457718219454591,
    "roughness": 0.3288780649955465,
    "narrow_passage_width": 1.7458665352330591,
    "difficulty": "hard"
  },
  "robot_params": {
    "max_slope_capability": 30.0,
    "width": 0.8,
    "height": 0.6,
    "safety_margin": 0.2
  },
  "start_position": [
    -2.1790768041848976,
    -4.310374070817575,
    0.0
  ],
  "goal_position": [
    2.8510356455169754,
    2.4034518867858714,
    1.6818077885908838
  ],
  "expected_difficulty": "hard",
  "created_at": "2025-10-17T15:19:42.202174",
  "checksum": "8a92d427d46f90f0"
}