{
  "scenario_id": 77,
  "name": "obstacle_field_17",
  "description": "\u9ad8\u5bc6\u5ea6\u969c\u5bb3\u7269\u74b0\u5883\u3067\u306e\u56de\u907f\u80fd\u529b\u8a55\u4fa1 \uff08\u969c\u5bb3\u7269\u5bc6\u5ea6: 0.50, \u6700\u5927\u52fe\u914d: 14.3\u5ea6, \u7c97\u3055: 0.29\uff09",
  "terrain_params": {
    "terrain_type": "obstacle_field",
    "size_x": 10.0,
    "size_y": 10.0,
    "size_z": 2.0,
    "obstacle_density": 0.4985744863670453,
    "max_slope": 14.335145191247193,
    "roughness": 0.2877324906821425,
    "narrow_passage_width": 2.5,
    "difficulty": "medium"
  },
  "robot_params": {
    "max_slope_capability": 30.0,
    "width": 0.8,
    "height": 0.6,
    "safety_margin": 0.2
  },
  "start_position": [
    -3.0993444440724973,
    -3.4190557703628635,
    0.0
  ],
  "goal_position": [
    2.9845082577260866,
    3.663826343309764,
    0.5682636186617823
  ],
  "expected_difficulty": "medium",
  "created_at": "2025-10-17T15:19:42.201660",
  "checksum": "b02f9b1c46a4e554"
}