{
  "scenario_id": 5,
  "name": "flat_terrain_05",
  "description": "\u5e73\u5766\u306a\u5730\u5f62\u3067\u306e\u30d9\u30fc\u30b9\u30e9\u30a4\u30f3\u8a55\u4fa1 \uff08\u969c\u5bb3\u7269\u5bc6\u5ea6: 0.05, \u6700\u5927\u52fe\u914d: 1.9\u5ea6, \u7c97\u3055: 0.11\uff09",
  "terrain_params": {
    "terrain_type": "flat_terrain",
    "size_x": 10.0,
    "size_y": 10.0,
    "size_z": 0.5,
    "obstacle_density": 0.05272785102022662,
    "max_slope": 1.8792584434052824,
    "roughness": 0.10589680108886612,
    "narrow_passage_width": 5.0,
    "difficulty": "easy"
  },
  "robot_params": {
    "max_slope_capability": 30.0,
    "width": 0.8,
    "height": 0.6,
    "safety_margin": 0.2
  },
  "start_position": [
    -4.337791938435355,
    -3.96272579442072,
    0.0
  ],
  "goal_position": [
    3.088218551968415,
    3.830191873039576,
    1.662088751976452
  ],
  "expected_difficulty": "easy",
  "created_at": "2025-10-17T15:19:42.198012",
  "checksum": "5b0b80bb0cb50893"
}