{
  "scenario_id": 30,
  "name": "steep_slope_05",
  "description": "\u6025\u659c\u9762\u3067\u306e\u767b\u5742\u80fd\u529b\u8a55\u4fa1 \uff08\u969c\u5bb3\u7269\u5bc6\u5ea6: 0.16, \u6700\u5927\u52fe\u914d: 32.8\u5ea6, \u7c97\u3055: 0.54\uff09",
  "terrain_params": {
    "terrain_type": "steep_slope",
    "size_x": 10.0,
    "size_y": 10.0,
    "size_z": 5.0,
    "obstacle_density": 0.16157117035440371,
    "max_slope": 32.77093705453868,
    "roughness": 0.5350438257930094,
    "narrow_passage_width": 3.0,
    "difficulty": "medium"
  },
  "robot_params": {
    "max_slope_capability": 30.0,
    "width": 0.8,
    "height": 0.6,
    "safety_margin": 0.2
  },
  "start_position": [
    -3.742235051572688,
    -3.6155962615376134,
    0.0
  ],
  "goal_position": [
    3.721977630493835,
    2.475919272973101,
    1.0175871321869874
  ],
  "expected_difficulty": "medium",
  "created_at": "2025-10-17T15:19:42.199326",
  "checksum": "4247fd0a32313904"
}