{
  "scenario_id": 95,
  "name": "complex_3d_05",
  "description": "\u8907\u96d1\u306a3D\u5730\u5f62\u3067\u306e\u7dcf\u5408\u6027\u80fd\u8a55\u4fa1 \uff08\u969c\u5bb3\u7269\u5bc6\u5ea6: 0.39, \u6700\u5927\u52fe\u914d: 21.4\u5ea6, \u7c97\u3055: 0.62\uff09",
  "terrain_params": {
    "terrain_type": "complex_3d",
    "size_x": 15.0,
    "size_y": 15.0,
    "size_z": 6.0,
    "obstacle_density": 0.3904513304946373,
    "max_slope": 21.37418195969269,
    "roughness": 0.6245348673777459,
    "narrow_passage_width": 2.020058416942725,
    "difficulty": "hard"
  },
  "robot_params": {
    "max_slope_capability": 30.0,
    "width": 0.8,
    "height": 0.6,
    "safety_margin": 0.2
  },
  "start_position": [
    -4.301749117771099,
    -2.3764413575146746,
    0.0
  ],
  "goal_position": [
    2.888954710313666,
    4.412146533377543,
    0.7955872213751471
  ],
  "expected_difficulty": "medium",
  "created_at": "2025-10-17T15:19:42.202514",
  "checksum": "9dbcfcda12e2b570"
}