{
  "scenario_id": 84,
  "name": "narrow_passage_04",
  "description": "\u72ed\u3044\u901a\u8def\u3067\u306e\u7cbe\u5bc6\u5236\u5fa1\u8a55\u4fa1 \uff08\u969c\u5bb3\u7269\u5bc6\u5ea6: 0.47, \u6700\u5927\u52fe\u914d: 15.1\u5ea6, \u7c97\u3055: 0.37\uff09",
  "terrain_params": {
    "terrain_type": "narrow_passage",
    "size_x": 10.0,
    "size_y": 10.0,
    "size_z": 2.0,
    "obstacle_density": 0.47044521732848466,
    "max_slope": 15.140245941465738,
    "roughness": 0.3664128653278893,
    "narrow_passage_width": 1.074720858899349,
    "difficulty": "hard"
  },
  "robot_params": {
    "max_slope_capability": 30.0,
    "width": 0.8,
    "height": 0.6,
    "safety_margin": 0.2
  },
  "start_position": [
    -3.251835445746835,
    -3.520101310725301,
    0.0
  ],
  "goal_position": [
    4.155993083926969,
    2.6090265343375165,
    1.6337780274603002
  ],
  "expected_difficulty": "hard",
  "created_at": "2025-10-17T15:19:42.202030",
  "checksum": "e45e9cc15ac74fd3"
}