{
  "scenario_id": 73,
  "name": "obstacle_field_13",
  "description": "\u9ad8\u5bc6\u5ea6\u969c\u5bb3\u7269\u74b0\u5883\u3067\u306e\u56de\u907f\u80fd\u529b\u8a55\u4fa1 \uff08\u969c\u5bb3\u7269\u5bc6\u5ea6: 0.31, \u6700\u5927\u52fe\u914d: 5.9\u5ea6, \u7c97\u3055: 0.27\uff09",
  "terrain_params": {
    "terrain_type": "obstacle_field",
    "size_x": 10.0,
    "size_y": 10.0,
    "size_z": 2.0,
    "obstacle_density": 0.3074135985069595,
    "max_slope": 5.93564495671674,
    "roughness": 0.2737781987988804,
    "narrow_passage_width": 2.5,
    "difficulty": "medium"
  },
  "robot_params": {
    "max_slope_capability": 30.0,
    "width": 0.8,
    "height": 0.6,
    "safety_margin": 0.2
  },
  "start_position": [
    -4.072837091063142,
    -3.3602684073578573,
    0.0
  ],
  "goal_position": [
    3.0982578228574162,
    2.2364309965837204,
    1.559106788366933
  ],
  "expected_difficulty": "medium",
  "created_at": "2025-10-17T15:19:42.201473",
  "checksum": "3839437ec2ecc014"
}