{
  "scenario_id": 35,
  "name": "steep_slope_10",
  "description": "\u6025\u659c\u9762\u3067\u306e\u767b\u5742\u80fd\u529b\u8a55\u4fa1 \uff08\u969c\u5bb3\u7269\u5bc6\u5ea6: 0.18, \u6700\u5927\u52fe\u914d: 32.4\u5ea6, \u7c97\u3055: 0.43\uff09",
  "terrain_params": {
    "terrain_type": "steep_slope",
    "size_x": 10.0,
    "size_y": 10.0,
    "size_z": 5.0,
    "obstacle_density": 0.17743908380439136,
    "max_slope": 32.38969665173884,
    "roughness": 0.4261417501458819,
    "narrow_passage_width": 3.0,
    "difficulty": "medium"
  },
  "robot_params": {
    "max_slope_capability": 30.0,
    "width": 0.8,
    "height": 0.6,
    "safety_margin": 0.2
  },
  "start_position": [
    -3.760477278195243,
    -3.308540533025856,
    0.0
  ],
  "goal_position": [
    2.4896492224247253,
    2.6891191636732774,
    0.06312366927192753
  ],
  "expected_difficulty": "medium",
  "created_at": "2025-10-17T15:19:42.199573",
  "checksum": "5fc83cf3eda575cc"
}