{
  "scenario_id": 2,
  "name": "flat_terrain_02",
  "description": "\u5e73\u5766\u306a\u5730\u5f62\u3067\u306e\u30d9\u30fc\u30b9\u30e9\u30a4\u30f3\u8a55\u4fa1 \uff08\u969c\u5bb3\u7269\u5bc6\u5ea6: 0.02, \u6700\u5927\u52fe\u914d: 0.0\u5ea6, \u7c97\u3055: 0.02\uff09",
  "terrain_params": {
    "terrain_type": "flat_terrain",
    "size_x": 10.0,
    "size_y": 10.0,
    "size_z": 0.5,
    "obstacle_density": 0.020432558085566467,
    "max_slope": 0.04720113656701719,
    "roughness": 0.016362828085953265,
    "narrow_passage_width": 5.0,
    "difficulty": "easy"
  },
  "robot_params": {
    "max_slope_capability": 30.0,
    "width": 0.8,
    "height": 0.6,
    "safety_margin": 0.2
  },
  "start_position": [
    -2.676189144446892,
    -3.0909656214074235,
    0.0
  ],
  "goal_position": [
    2.6705013474549064,
    3.8693950018960743,
    1.6941362757081024
  ],
  "expected_difficulty": "easy",
  "created_at": "2025-10-17T15:19:42.197830",
  "checksum": "3771327059a8a6be"
}