{
  "scenario_id": 11,
  "name": "gentle_slope_01",
  "description": "\u7de9\u3084\u304b\u306a\u659c\u9762\u3067\u306e\u79fb\u52d5\u6027\u80fd\u8a55\u4fa1 \uff08\u969c\u5bb3\u7269\u5bc6\u5ea6: 0.09, \u6700\u5927\u52fe\u914d: 16.0\u5ea6, \u7c97\u3055: 0.39\uff09",
  "terrain_params": {
    "terrain_type": "gentle_slope",
    "size_x": 10.0,
    "size_y": 10.0,
    "size_z": 3.0,
    "obstacle_density": 0.09273189343322634,
    "max_slope": 15.96840212856462,
    "roughness": 0.3947618912736665,
    "narrow_passage_width": 4.0,
    "difficulty": "easy"
  },
  "robot_params": {
    "max_slope_capability": 30.0,
    "width": 0.8,
    "height": 0.6,
    "safety_margin": 0.2
  },
  "start_position": [
    -4.0483683098862695,
    -3.234492589083837,
    0.0
  ],
  "goal_position": [
    2.4386860820258494,
    2.261193236393634,
    0.47134503638205316
  ],
  "expected_difficulty": "easy",
  "created_at": "2025-10-17T15:19:42.198333",
  "checksum": "6b40155fbe1655d3"
}