{
  "scenario_id": 29,
  "name": "steep_slope_04",
  "description": "\u6025\u659c\u9762\u3067\u306e\u767b\u5742\u80fd\u529b\u8a55\u4fa1 \uff08\u969c\u5bb3\u7269\u5bc6\u5ea6: 0.11, \u6700\u5927\u52fe\u914d: 32.3\u5ea6, \u7c97\u3055: 0.53\uff09",
  "terrain_params": {
    "terrain_type": "steep_slope",
    "size_x": 10.0,
    "size_y": 10.0,
    "size_z": 5.0,
    "obstacle_density": 0.11345292259253152,
    "max_slope": 32.27173014212837,
    "roughness": 0.5346410718271108,
    "narrow_passage_width": 3.0,
    "difficulty": "medium"
  },
  "robot_params": {
    "max_slope_capability": 30.0,
    "width": 0.8,
    "height": 0.6,
    "safety_margin": 0.2
  },
  "start_position": [
    -3.387441777131225,
    -3.0956186175785576,
    0.0
  ],
  "goal_position": [
    2.8498193042020956,
    4.227236649807988,
    0.7530664650550909
  ],
  "expected_difficulty": "medium",
  "created_at": "2025-10-17T15:19:42.199274",
  "checksum": "5087dbcd3554e529"
}