{
  "scenario_id": 61,
  "name": "obstacle_field_01",
  "description": "\u9ad8\u5bc6\u5ea6\u969c\u5bb3\u7269\u74b0\u5883\u3067\u306e\u56de\u907f\u80fd\u529b\u8a55\u4fa1 \uff08\u969c\u5bb3\u7269\u5bc6\u5ea6: 0.48, \u6700\u5927\u52fe\u914d: 12.4\u5ea6, \u7c97\u3055: 0.24\uff09",
  "terrain_params": {
    "terrain_type": "obstacle_field",
    "size_x": 10.0,
    "size_y": 10.0,
    "size_z": 2.0,
    "obstacle_density": 0.4846621843885049,
    "max_slope": 12.361607172487217,
    "roughness": 0.24361606692107082,
    "narrow_passage_width": 2.5,
    "difficulty": "medium"
  },
  "robot_params": {
    "max_slope_capability": 30.0,
    "width": 0.8,
    "height": 0.6,
    "safety_margin": 0.2
  },
  "start_position": [
    -2.056086253893245,
    -3.6819758046499955,
    0.0
  ],
  "goal_position": [
    2.7661280819695797,
    3.071922458168568,
    1.351814383077254
  ],
  "expected_difficulty": "medium",
  "created_at": "2025-10-17T15:19:42.200920",
  "checksum": "024c70a9e783f99a"
}