{
  "scenario_id": 37,
  "name": "steep_slope_12",
  "description": "\u6025\u659c\u9762\u3067\u306e\u767b\u5742\u80fd\u529b\u8a55\u4fa1 \uff08\u969c\u5bb3\u7269\u5bc6\u5ea6: 0.17, \u6700\u5927\u52fe\u914d: 32.4\u5ea6, \u7c97\u3055: 0.51\uff09",
  "terrain_params": {
    "terrain_type": "steep_slope",
    "size_x": 10.0,
    "size_y": 10.0,
    "size_z": 5.0,
    "obstacle_density": 0.16774174436083272,
    "max_slope": 32.39261420147484,
    "roughness": 0.5128631373067489,
    "narrow_passage_width": 3.0,
    "difficulty": "medium"
  },
  "robot_params": {
    "max_slope_capability": 30.0,
    "width": 0.8,
    "height": 0.6,
    "safety_margin": 0.2
  },
  "start_position": [
    -2.6716528353418845,
    -3.7381491378176745,
    0.0
  ],
  "goal_position": [
    3.737967337281457,
    3.297794063126655,
    2.2378815285959672
  ],
  "expected_difficulty": "medium",
  "created_at": "2025-10-17T15:19:42.199672",
  "checksum": "8e312672fbc93709"
}