{
  "scenario_id": 44,
  "name": "mixed_terrain_04",
  "description": "\u591a\u69d8\u306a\u5730\u5f62\u8981\u7d20\u304c\u6df7\u5728\u3059\u308b\u74b0\u5883\u3067\u306e\u9069\u5fdc\u6027\u8a55\u4fa1 \uff08\u969c\u5bb3\u7269\u5bc6\u5ea6: 0.24, \u6700\u5927\u52fe\u914d: 26.9\u5ea6, \u7c97\u3055: 0.33\uff09",
  "terrain_params": {
    "terrain_type": "mixed_terrain",
    "size_x": 12.0,
    "size_y": 12.0,
    "size_z": 4.0,
    "obstacle_density": 0.23644959769836194,
    "max_slope": 26.873860045194547,
    "roughness": 0.3287362127697629,
    "narrow_passage_width": 3.5,
    "difficulty": "medium"
  },
  "robot_params": {
    "max_slope_capability": 30.0,
    "width": 0.8,
    "height": 0.6,
    "safety_margin": 0.2
  },
  "start_position": [
    -3.97564552187756,
    -3.6709311086903407,
    0.0
  ],
  "goal_position": [
    4.017437439315284,
    3.073576095273498,
    1.1093309179974344
  ],
  "expected_difficulty": "medium",
  "created_at": "2025-10-17T15:19:42.200144",
  "checksum": "35058236f35a249c"
}