{
  "scenario_id": 1,
  "name": "flat_terrain_01",
  "description": "\u5e73\u5766\u306a\u5730\u5f62\u3067\u306e\u30d9\u30fc\u30b9\u30e9\u30a4\u30f3\u8a55\u4fa1 \uff08\u969c\u5bb3\u7269\u5bc6\u5ea6: 0.01, \u6700\u5927\u52fe\u914d: 4.6\u5ea6, \u7c97\u3055: 0.07\uff09",
  "terrain_params": {
    "terrain_type": "flat_terrain",
    "size_x": 10.0,
    "size_y": 10.0,
    "size_z": 0.5,
    "obstacle_density": 0.009554919920876204,
    "max_slope": 4.6250185093081635,
    "roughness": 0.0687146846414438,
    "narrow_passage_width": 5.0,
    "difficulty": "easy"
  },
  "robot_params": {
    "max_slope_capability": 30.0,
    "width": 0.8,
    "height": 0.6,
    "safety_margin": 0.2
  },
  "start_position": [
    -3.72380764532539,
    -4.494975400127256,
    0.0
  ],
  "goal_position": [
    2.5889868109789385,
    2.5944793003959488,
    1.8397896831017733
  ],
  "expected_difficulty": "easy",
  "created_at": "2025-10-17T15:19:42.197740",
  "checksum": "02be25620184bdb0"
}