{
  "scenario_id": 16,
  "name": "gentle_slope_06",
  "description": "\u7de9\u3084\u304b\u306a\u659c\u9762\u3067\u306e\u79fb\u52d5\u6027\u80fd\u8a55\u4fa1 \uff08\u969c\u5bb3\u7269\u5bc6\u5ea6: 0.11, \u6700\u5927\u52fe\u914d: 12.7\u5ea6, \u7c97\u3055: 0.24\uff09",
  "terrain_params": {
    "terrain_type": "gentle_slope",
    "size_x": 10.0,
    "size_y": 10.0,
    "size_z": 3.0,
    "obstacle_density": 0.1057788527961758,
    "max_slope": 12.72146819121019,
    "roughness": 0.24442182141330537,
    "narrow_passage_width": 4.0,
    "difficulty": "easy"
  },
  "robot_params": {
    "max_slope_capability": 30.0,
    "width": 0.8,
    "height": 0.6,
    "safety_margin": 0.2
  },
  "start_position": [
    -3.5114471953357604,
    -3.649551599836963,
    0.0
  ],
  "goal_position": [
    4.185063532901971,
    4.139548362723726,
    0.43008529753325503
  ],
  "expected_difficulty": "easy",
  "created_at": "2025-10-17T15:19:42.198592",
  "checksum": "73b714fb953ffe6b"
}