{
  "scenario_id": 71,
  "name": "obstacle_field_11",
  "description": "\u9ad8\u5bc6\u5ea6\u969c\u5bb3\u7269\u74b0\u5883\u3067\u306e\u56de\u907f\u80fd\u529b\u8a55\u4fa1 \uff08\u969c\u5bb3\u7269\u5bc6\u5ea6: 0.31, \u6700\u5927\u52fe\u914d: 14.2\u5ea6, \u7c97\u3055: 0.29\uff09",
  "terrain_params": {
    "terrain_type": "obstacle_field",
    "size_x": 10.0,
    "size_y": 10.0,
    "size_z": 2.0,
    "obstacle_density": 0.3054047147553825,
    "max_slope": 14.150882821187299,
    "roughness": 0.29200184605764845,
    "narrow_passage_width": 2.5,
    "difficulty": "medium"
  },
  "robot_params": {
    "max_slope_capability": 30.0,
    "width": 0.8,
    "height": 0.6,
    "safety_margin": 0.2
  },
  "start_position": [
    -4.190595159562407,
    -2.60969076872202,
    0.0
  ],
  "goal_position": [
    3.6914941071037024,
    2.0357974759485162,
    2.022897974045156
  ],
  "expected_difficulty": "medium",
  "created_at": "2025-10-17T15:19:42.201381",
  "checksum": "fd4484cb18cab8dd"
}