{
  "scenario_id": 34,
  "name": "steep_slope_09",
  "description": "\u6025\u659c\u9762\u3067\u306e\u767b\u5742\u80fd\u529b\u8a55\u4fa1 \uff08\u969c\u5bb3\u7269\u5bc6\u5ea6: 0.15, \u6700\u5927\u52fe\u914d: 33.1\u5ea6, \u7c97\u3055: 0.42\uff09",
  "terrain_params": {
    "terrain_type": "steep_slope",
    "size_x": 10.0,
    "size_y": 10.0,
    "size_z": 5.0,
    "obstacle_density": 0.15074796748831099,
    "max_slope": 33.126998098863396,
    "roughness": 0.41902114659407275,
    "narrow_passage_width": 3.0,
    "difficulty": "medium"
  },
  "robot_params": {
    "max_slope_capability": 30.0,
    "width": 0.8,
    "height": 0.6,
    "safety_margin": 0.2
  },
  "start_position": [
    -2.6801099260859274,
    -3.3117476293302675,
    0.0
  ],
  "goal_position": [
    3.7909135903308724,
    3.227217584100875,
    1.4471072899781532
  ],
  "expected_difficulty": "medium",
  "created_at": "2025-10-17T15:19:42.199523",
  "checksum": "e421c3c4ef08f6ae"
}