{
  "scenario_id": 52,
  "name": "mixed_terrain_12",
  "description": "\u591a\u69d8\u306a\u5730\u5f62\u8981\u7d20\u304c\u6df7\u5728\u3059\u308b\u74b0\u5883\u3067\u306e\u9069\u5fdc\u6027\u8a55\u4fa1 \uff08\u969c\u5bb3\u7269\u5bc6\u5ea6: 0.30, \u6700\u5927\u52fe\u914d: 17.1\u5ea6, \u7c97\u3055: 0.53\uff09",
  "terrain_params": {
    "terrain_type": "mixed_terrain",
    "size_x": 12.0,
    "size_y": 12.0,
    "size_z": 4.0,
    "obstacle_density": 0.29948423515964717,
    "max_slope": 17.115367424494917,
    "roughness": 0.5252474660805813,
    "narrow_passage_width": 3.5,
    "difficulty": "medium"
  },
  "robot_params": {
    "max_slope_capability": 30.0,
    "width": 0.8,
    "height": 0.6,
    "safety_margin": 0.2
  },
  "start_position": [
    -2.121995326785816,
    -2.5673649127714704,
    0.0
  ],
  "goal_position": [
    3.25178149394356,
    2.9113923900534777,
    0.6595112361470457
  ],
  "expected_difficulty": "easy",
  "created_at": "2025-10-17T15:19:42.200513",
  "checksum": "8d0a8b779774b77d"
}