{
  "scenario_id": 67,
  "name": "obstacle_field_07",
  "description": "\u9ad8\u5bc6\u5ea6\u969c\u5bb3\u7269\u74b0\u5883\u3067\u306e\u56de\u907f\u80fd\u529b\u8a55\u4fa1 \uff08\u969c\u5bb3\u7269\u5bc6\u5ea6: 0.35, \u6700\u5927\u52fe\u914d: 7.2\u5ea6, \u7c97\u3055: 0.32\uff09",
  "terrain_params": {
    "terrain_type": "obstacle_field",
    "size_x": 10.0,
    "size_y": 10.0,
    "size_z": 2.0,
    "obstacle_density": 0.34531224075919587,
    "max_slope": 7.203002417909019,
    "roughness": 0.31933833933839273,
    "narrow_passage_width": 2.5,
    "difficulty": "medium"
  },
  "robot_params": {
    "max_slope_capability": 30.0,
    "width": 0.8,
    "height": 0.6,
    "safety_margin": 0.2
  },
  "start_position": [
    -2.9917618851919636,
    -3.5941888493626655,
    0.0
  ],
  "goal_position": [
    2.7240286407254204,
    3.3806295398471855,
    1.4387541255811387
  ],
  "expected_difficulty": "medium",
  "created_at": "2025-10-17T15:19:42.201191",
  "checksum": "c4fc4b1949633c36"
}