{
  "scenario_id": 6,
  "name": "flat_terrain_06",
  "description": "\u5e73\u5766\u306a\u5730\u5f62\u3067\u306e\u30d9\u30fc\u30b9\u30e9\u30a4\u30f3\u8a55\u4fa1 \uff08\u969c\u5bb3\u7269\u5bc6\u5ea6: 0.01, \u6700\u5927\u52fe\u914d: 0.9\u5ea6, \u7c97\u3055: 0.18\uff09",
  "terrain_params": {
    "terrain_type": "flat_terrain",
    "size_x": 10.0,
    "size_y": 10.0,
    "size_z": 0.5,
    "obstacle_density": 0.010474210417795516,
    "max_slope": 0.8695713968611429,
    "roughness": 0.17836228442106095,
    "narrow_passage_width": 5.0,
    "difficulty": "easy"
  },
  "robot_params": {
    "max_slope_capability": 30.0,
    "width": 0.8,
    "height": 0.6,
    "safety_margin": 0.2
  },
  "start_position": [
    -4.345559930945964,
    -2.2791527608689806,
    0.0
  ],
  "goal_position": [
    2.114932979827507,
    3.059950935792626,
    0.9392021966497519
  ],
  "expected_difficulty": "easy",
  "created_at": "2025-10-17T15:19:42.198065",
  "checksum": "d6c44fa846f47cd7"
}