{
  "scenario_id": 49,
  "name": "mixed_terrain_09",
  "description": "\u591a\u69d8\u306a\u5730\u5f62\u8981\u7d20\u304c\u6df7\u5728\u3059\u308b\u74b0\u5883\u3067\u306e\u9069\u5fdc\u6027\u8a55\u4fa1 \uff08\u969c\u5bb3\u7269\u5bc6\u5ea6: 0.23, \u6700\u5927\u52fe\u914d: 19.9\u5ea6, \u7c97\u3055: 0.47\uff09",
  "terrain_params": {
    "terrain_type": "mixed_terrain",
    "size_x": 12.0,
    "size_y": 12.0,
    "size_z": 4.0,
    "obstacle_density": 0.2268562589391822,
    "max_slope": 19.90825271614122,
    "roughness": 0.46516061811120724,
    "narrow_passage_width": 3.5,
    "difficulty": "medium"
  },
  "robot_params": {
    "max_slope_capability": 30.0,
    "width": 0.8,
    "height": 0.6,
    "safety_margin": 0.2
  },
  "start_position": [
    -2.628546082551476,
    -4.316916862928175,
    0.0
  ],
  "goal_position": [
    2.9786139457960763,
    4.298545084883043,
    1.997981397346049
  ],
  "expected_difficulty": "easy",
  "created_at": "2025-10-17T15:19:42.200382",
  "checksum": "a396a252acf46726"
}