{
  "scenario_id": 57,
  "name": "mixed_terrain_17",
  "description": "\u591a\u69d8\u306a\u5730\u5f62\u8981\u7d20\u304c\u6df7\u5728\u3059\u308b\u74b0\u5883\u3067\u306e\u9069\u5fdc\u6027\u8a55\u4fa1 \uff08\u969c\u5bb3\u7269\u5bc6\u5ea6: 0.28, \u6700\u5927\u52fe\u914d: 22.7\u5ea6, \u7c97\u3055: 0.52\uff09",
  "terrain_params": {
    "terrain_type": "mixed_terrain",
    "size_x": 12.0,
    "size_y": 12.0,
    "size_z": 4.0,
    "obstacle_density": 0.2776733049737079,
    "max_slope": 22.66061180291026,
    "roughness": 0.5152414014579447,
    "narrow_passage_width": 3.5,
    "difficulty": "medium"
  },
  "robot_params": {
    "max_slope_capability": 30.0,
    "width": 0.8,
    "height": 0.6,
    "safety_margin": 0.2
  },
  "start_position": [
    -3.862906042823009,
    -4.37005550082239,
    0.0
  ],
  "goal_position": [
    3.9672097003050775,
    4.015684457330057,
    1.0605850369716854
  ],
  "expected_difficulty": "medium",
  "created_at": "2025-10-17T15:19:42.200734",
  "checksum": "9be7ba8ea5bb16ed"
}