{
  "scenario_id": 65,
  "name": "obstacle_field_05",
  "description": "\u9ad8\u5bc6\u5ea6\u969c\u5bb3\u7269\u74b0\u5883\u3067\u306e\u56de\u907f\u80fd\u529b\u8a55\u4fa1 \uff08\u969c\u5bb3\u7269\u5bc6\u5ea6: 0.48, \u6700\u5927\u52fe\u914d: 6.5\u5ea6, \u7c97\u3055: 0.23\uff09",
  "terrain_params": {
    "terrain_type": "obstacle_field",
    "size_x": 10.0,
    "size_y": 10.0,
    "size_z": 2.0,
    "obstacle_density": 0.4775282015077036,
    "max_slope": 6.50016075863082,
    "roughness": 0.23232246965393152,
    "narrow_passage_width": 2.5,
    "difficulty": "medium"
  },
  "robot_params": {
    "max_slope_capability": 30.0,
    "width": 0.8,
    "height": 0.6,
    "safety_margin": 0.2
  },
  "start_position": [
    -2.3832903600519346,
    -4.367257023155105,
    0.0
  ],
  "goal_position": [
    3.252541011123903,
    4.384330769878521,
    1.3103628436055699
  ],
  "expected_difficulty": "medium",
  "created_at": "2025-10-17T15:19:42.201096",
  "checksum": "f2b88746c487177c"
}