{
  "scenario_id": 0,
  "name": "flat_terrain_00",
  "description": "\u5e73\u5766\u306a\u5730\u5f62\u3067\u306e\u30d9\u30fc\u30b9\u30e9\u30a4\u30f3\u8a55\u4fa1 \uff08\u969c\u5bb3\u7269\u5bc6\u5ea6: 0.06, \u6700\u5927\u52fe\u914d: 0.8\u5ea6, \u7c97\u3055: 0.09\uff09",
  "terrain_params": {
    "terrain_type": "flat_terrain",
    "size_x": 10.0,
    "size_y": 10.0,
    "size_z": 0.5,
    "obstacle_density": 0.06121701756176187,
    "max_slope": 0.8453487717281821,
    "roughness": 0.08721180387423405,
    "narrow_passage_width": 5.0,
    "difficulty": "easy"
  },
  "robot_params": {
    "max_slope_capability": 30.0,
    "width": 0.8,
    "height": 0.6,
    "safety_margin": 0.2
  },
  "start_position": [
    -2.576843818692193,
    -3.7616867389928093,
    0.0
  ],
  "goal_position": [
    2.3729073928487243,
    2.0561958113604044,
    1.0505612306613943
  ],
  "expected_difficulty": "easy",
  "created_at": "2025-10-17T15:19:42.197590",
  "checksum": "6583fb587a6bdf29"
}