{
  "scenario_id": 24,
  "name": "gentle_slope_14",
  "description": "\u7de9\u3084\u304b\u306a\u659c\u9762\u3067\u306e\u79fb\u52d5\u6027\u80fd\u8a55\u4fa1 \uff08\u969c\u5bb3\u7269\u5bc6\u5ea6: 0.07, \u6700\u5927\u52fe\u914d: 19.3\u5ea6, \u7c97\u3055: 0.22\uff09",
  "terrain_params": {
    "terrain_type": "gentle_slope",
    "size_x": 10.0,
    "size_y": 10.0,
    "size_z": 3.0,
    "obstacle_density": 0.07402400327276419,
    "max_slope": 19.291063251710426,
    "roughness": 0.21570715558561798,
    "narrow_passage_width": 4.0,
    "difficulty": "easy"
  },
  "robot_params": {
    "max_slope_capability": 30.0,
    "width": 0.8,
    "height": 0.6,
    "safety_margin": 0.2
  },
  "start_position": [
    -3.4127474861580147,
    -3.96449052070611,
    0.0
  ],
  "goal_position": [
    2.759282663960389,
    4.258500879620801,
    2.224340417383524
  ],
  "expected_difficulty": "easy",
  "created_at": "2025-10-17T15:19:42.199011",
  "checksum": "410af7d537c5b914"
}