{
  "scenario_id": 47,
  "name": "mixed_terrain_07",
  "description": "\u591a\u69d8\u306a\u5730\u5f62\u8981\u7d20\u304c\u6df7\u5728\u3059\u308b\u74b0\u5883\u3067\u306e\u9069\u5fdc\u6027\u8a55\u4fa1 \uff08\u969c\u5bb3\u7269\u5bc6\u5ea6: 0.21, \u6700\u5927\u52fe\u914d: 28.6\u5ea6, \u7c97\u3055: 0.43\uff09",
  "terrain_params": {
    "terrain_type": "mixed_terrain",
    "size_x": 12.0,
    "size_y": 12.0,
    "size_z": 4.0,
    "obstacle_density": 0.2144203694748138,
    "max_slope": 28.580262464685916,
    "roughness": 0.42701778634495524,
    "narrow_passage_width": 3.5,
    "difficulty": "medium"
  },
  "robot_params": {
    "max_slope_capability": 30.0,
    "width": 0.8,
    "height": 0.6,
    "safety_margin": 0.2
  },
  "start_position": [
    -2.780672474313101,
    -2.1708697378364294,
    0.0
  ],
  "goal_position": [
    4.2490616324050565,
    2.7493388435747406,
    0.46190382143598746
  ],
  "expected_difficulty": "medium",
  "created_at": "2025-10-17T15:19:42.200294",
  "checksum": "d2337d830a87df91"
}