{
  "scenario_id": 99,
  "name": "complex_3d_09",
  "description": "\u8907\u96d1\u306a3D\u5730\u5f62\u3067\u306e\u7dcf\u5408\u6027\u80fd\u8a55\u4fa1 \uff08\u969c\u5bb3\u7269\u5bc6\u5ea6: 0.27, \u6700\u5927\u52fe\u914d: 31.7\u5ea6, \u7c97\u3055: 0.61\uff09",
  "terrain_params": {
    "terrain_type": "complex_3d",
    "size_x": 15.0,
    "size_y": 15.0,
    "size_z": 6.0,
    "obstacle_density": 0.2663633084387014,
    "max_slope": 31.691860049178374,
    "roughness": 0.6088470395235197,
    "narrow_passage_width": 2.325587199701744,
    "difficulty": "hard"
  },
  "robot_params": {
    "max_slope_capability": 30.0,
    "width": 0.8,
    "height": 0.6,
    "safety_margin": 0.2
  },
  "start_position": [
    -4.217183302140269,
    -2.199894880983557,
    0.0
  ],
  "goal_position": [
    3.516544572181971,
    3.885669111953182,
    0.32450089275544075
  ],
  "expected_difficulty": "hard",
  "created_at": "2025-10-17T15:19:42.202679",
  "checksum": "74f8ecf8ff306381"
}