{
  "scenario_id": 92,
  "name": "complex_3d_02",
  "description": "\u8907\u96d1\u306a3D\u5730\u5f62\u3067\u306e\u7dcf\u5408\u6027\u80fd\u8a55\u4fa1 \uff08\u969c\u5bb3\u7269\u5bc6\u5ea6: 0.35, \u6700\u5927\u52fe\u914d: 27.7\u5ea6, \u7c97\u3055: 0.73\uff09",
  "terrain_params": {
    "terrain_type": "complex_3d",
    "size_x": 15.0,
    "size_y": 15.0,
    "size_z": 6.0,
    "obstacle_density": 0.35234800488360113,
    "max_slope": 27.696781687414795,
    "roughness": 0.7311950480196582,
    "narrow_passage_width": 2.8815036838213923,
    "difficulty": "hard"
  },
  "robot_params": {
    "max_slope_capability": 30.0,
    "width": 0.8,
    "height": 0.6,
    "safety_margin": 0.2
  },
  "start_position": [
    -3.908485141448067,
    -3.584840743553172,
    0.0
  ],
  "goal_position": [
    3.2748579321693176,
    3.0508349019683676,
    0.6754972325863586
  ],
  "expected_difficulty": "medium",
  "created_at": "2025-10-17T15:19:42.202382",
  "checksum": "1372549dbaf18bc8"
}