{
  "scenario_id": 28,
  "name": "steep_slope_03",
  "description": "\u6025\u659c\u9762\u3067\u306e\u767b\u5742\u80fd\u529b\u8a55\u4fa1 \uff08\u969c\u5bb3\u7269\u5bc6\u5ea6: 0.15, \u6700\u5927\u52fe\u914d: 25.8\u5ea6, \u7c97\u3055: 0.58\uff09",
  "terrain_params": {
    "terrain_type": "steep_slope",
    "size_x": 10.0,
    "size_y": 10.0,
    "size_z": 5.0,
    "obstacle_density": 0.14920516264849476,
    "max_slope": 25.757785565510808,
    "roughness": 0.5842791970770116,
    "narrow_passage_width": 3.0,
    "difficulty": "medium"
  },
  "robot_params": {
    "max_slope_capability": 30.0,
    "width": 0.8,
    "height": 0.6,
    "safety_margin": 0.2
  },
  "start_position": [
    -3.831440588011243,
    -2.814875617188978,
    0.0
  ],
  "goal_position": [
    3.8879856942789996,
    2.0090274324852513,
    1.7120675691281786
  ],
  "expected_difficulty": "easy",
  "created_at": "2025-10-17T15:19:42.199223",
  "checksum": "1e66ca34d19e257c"
}