{
  "scenario_id": 94,
  "name": "complex_3d_04",
  "description": "\u8907\u96d1\u306a3D\u5730\u5f62\u3067\u306e\u7dcf\u5408\u6027\u80fd\u8a55\u4fa1 \uff08\u969c\u5bb3\u7269\u5bc6\u5ea6: 0.30, \u6700\u5927\u52fe\u914d: 29.9\u5ea6, \u7c97\u3055: 0.57\uff09",
  "terrain_params": {
    "terrain_type": "complex_3d",
    "size_x": 15.0,
    "size_y": 15.0,
    "size_z": 6.0,
    "obstacle_density": 0.3023840232941866,
    "max_slope": 29.889404900311817,
    "roughness": 0.5673844244352095,
    "narrow_passage_width": 2.753231472979149,
    "difficulty": "hard"
  },
  "robot_params": {
    "max_slope_capability": 30.0,
    "width": 0.8,
    "height": 0.6,
    "safety_margin": 0.2
  },
  "start_position": [
    -4.2310430264884475,
    -3.188346598192191,
    0.0
  ],
  "goal_position": [
    2.5797689245119875,
    2.987208665000977,
    1.391963891881237
  ],
  "expected_difficulty": "medium",
  "created_at": "2025-10-17T15:19:42.202472",
  "checksum": "69be38314f3218f6"
}