{
  "scenario_id": 76,
  "name": "obstacle_field_16",
  "description": "\u9ad8\u5bc6\u5ea6\u969c\u5bb3\u7269\u74b0\u5883\u3067\u306e\u56de\u907f\u80fd\u529b\u8a55\u4fa1 \uff08\u969c\u5bb3\u7269\u5bc6\u5ea6: 0.43, \u6700\u5927\u52fe\u914d: 8.5\u5ea6, \u7c97\u3055: 0.22\uff09",
  "terrain_params": {
    "terrain_type": "obstacle_field",
    "size_x": 10.0,
    "size_y": 10.0,
    "size_z": 2.0,
    "obstacle_density": 0.43304792587093077,
    "max_slope": 8.547394094353818,
    "roughness": 0.22018094894063292,
    "narrow_passage_width": 2.5,
    "difficulty": "medium"
  },
  "robot_params": {
    "max_slope_capability": 30.0,
    "width": 0.8,
    "height": 0.6,
    "safety_margin": 0.2
  },
  "start_position": [
    -2.5766854306992037,
    -2.2818928481292198,
    0.0
  ],
  "goal_position": [
    3.418221355551368,
    3.698793475776461,
    1.3462759445512726
  ],
  "expected_difficulty": "medium",
  "created_at": "2025-10-17T15:19:42.201613",
  "checksum": "f220c70a6bd4fc3e"
}