{
  "scenario_id": 82,
  "name": "narrow_passage_02",
  "description": "\u72ed\u3044\u901a\u8def\u3067\u306e\u7cbe\u5bc6\u5236\u5fa1\u8a55\u4fa1 \uff08\u969c\u5bb3\u7269\u5bc6\u5ea6: 0.56, \u6700\u5927\u52fe\u914d: 11.2\u5ea6, \u7c97\u3055: 0.39\uff09",
  "terrain_params": {
    "terrain_type": "narrow_passage",
    "size_x": 10.0,
    "size_y": 10.0,
    "size_z": 2.0,
    "obstacle_density": 0.5611579643280296,
    "max_slope": 11.173104412100145,
    "roughness": 0.39478980442073425,
    "narrow_passage_width": 1.1273581801889845,
    "difficulty": "hard"
  },
  "robot_params": {
    "max_slope_capability": 30.0,
    "width": 0.8,
    "height": 0.6,
    "safety_margin": 0.2
  },
  "start_position": [
    -2.047235399652345,
    -3.140034149971941,
    0.0
  ],
  "goal_position": [
    3.922565280627377,
    4.426743456530664,
    2.0665514279976267
  ],
  "expected_difficulty": "hard",
  "created_at": "2025-10-17T15:19:42.201920",
  "checksum": "fa9c8298f4293469"
}