{
  "scenario_id": 23,
  "name": "gentle_slope_13",
  "description": "\u7de9\u3084\u304b\u306a\u659c\u9762\u3067\u306e\u79fb\u52d5\u6027\u80fd\u8a55\u4fa1 \uff08\u969c\u5bb3\u7269\u5bc6\u5ea6: 0.12, \u6700\u5927\u52fe\u914d: 15.9\u5ea6, \u7c97\u3055: 0.36\uff09",
  "terrain_params": {
    "terrain_type": "gentle_slope",
    "size_x": 10.0,
    "size_y": 10.0,
    "size_z": 3.0,
    "obstacle_density": 0.12474718237456212,
    "max_slope": 15.884106771412222,
    "roughness": 0.3584123351940963,
    "narrow_passage_width": 4.0,
    "difficulty": "easy"
  },
  "robot_params": {
    "max_slope_capability": 30.0,
    "width": 0.8,
    "height": 0.6,
    "safety_margin": 0.2
  },
  "start_position": [
    -2.6695551109155407,
    -2.3533475430806647,
    0.0
  ],
  "goal_position": [
    2.4029727766711746,
    3.8945434521989406,
    0.7354770241942904
  ],
  "expected_difficulty": "easy",
  "created_at": "2025-10-17T15:19:42.198961",
  "checksum": "208606f5bb041237"
}