{
  "scenario_id": 20,
  "name": "gentle_slope_10",
  "description": "\u7de9\u3084\u304b\u306a\u659c\u9762\u3067\u306e\u79fb\u52d5\u6027\u80fd\u8a55\u4fa1 \uff08\u969c\u5bb3\u7269\u5bc6\u5ea6: 0.12, \u6700\u5927\u52fe\u914d: 18.5\u5ea6, \u7c97\u3055: 0.22\uff09",
  "terrain_params": {
    "terrain_type": "gentle_slope",
    "size_x": 10.0,
    "size_y": 10.0,
    "size_z": 3.0,
    "obstacle_density": 0.11663136455569184,
    "max_slope": 18.51927030696713,
    "roughness": 0.21839576220783458,
    "narrow_passage_width": 4.0,
    "difficulty": "easy"
  },
  "robot_params": {
    "max_slope_capability": 30.0,
    "width": 0.8,
    "height": 0.6,
    "safety_margin": 0.2
  },
  "start_position": [
    -2.960822058293017,
    -4.37801124199866,
    0.0
  ],
  "goal_position": [
    2.560511472063475,
    2.278552129407734,
    2.0870318735379336
  ],
  "expected_difficulty": "easy",
  "created_at": "2025-10-17T15:19:42.198801",
  "checksum": "53168c7a4c4ad20a"
}