{
  "scenario_id": 15,
  "name": "gentle_slope_05",
  "description": "\u7de9\u3084\u304b\u306a\u659c\u9762\u3067\u306e\u79fb\u52d5\u6027\u80fd\u8a55\u4fa1 \uff08\u969c\u5bb3\u7269\u5bc6\u5ea6: 0.15, \u6700\u5927\u52fe\u914d: 16.8\u5ea6, \u7c97\u3055: 0.35\uff09",
  "terrain_params": {
    "terrain_type": "gentle_slope",
    "size_x": 10.0,
    "size_y": 10.0,
    "size_z": 3.0,
    "obstacle_density": 0.14836654565935875,
    "max_slope": 16.824660718949414,
    "roughness": 0.35216017693243273,
    "narrow_passage_width": 4.0,
    "difficulty": "easy"
  },
  "robot_params": {
    "max_slope_capability": 30.0,
    "width": 0.8,
    "height": 0.6,
    "safety_margin": 0.2
  },
  "start_position": [
    -2.047533762696856,
    -3.977149685963374,
    0.0
  ],
  "goal_position": [
    2.6889374596222653,
    2.040188530421041,
    0.2515609168231342
  ],
  "expected_difficulty": "easy",
  "created_at": "2025-10-17T15:19:42.198540",
  "checksum": "7216eaaac21a3c0f"
}