{
  "scenario_id": 38,
  "name": "steep_slope_13",
  "description": "\u6025\u659c\u9762\u3067\u306e\u767b\u5742\u80fd\u529b\u8a55\u4fa1 \uff08\u969c\u5bb3\u7269\u5bc6\u5ea6: 0.11, \u6700\u5927\u52fe\u914d: 30.7\u5ea6, \u7c97\u3055: 0.51\uff09",
  "terrain_params": {
    "terrain_type": "steep_slope",
    "size_x": 10.0,
    "size_y": 10.0,
    "size_z": 5.0,
    "obstacle_density": 0.1104009241761677,
    "max_slope": 30.650250792916466,
    "roughness": 0.5059782356079796,
    "narrow_passage_width": 3.0,
    "difficulty": "medium"
  },
  "robot_params": {
    "max_slope_capability": 30.0,
    "width": 0.8,
    "height": 0.6,
    "safety_margin": 0.2
  },
  "start_position": [
    -3.274194500491558,
    -4.008921488813957,
    0.0
  ],
  "goal_position": [
    2.1966366142416005,
    4.02698447154421,
    2.0715470031078747
  ],
  "expected_difficulty": "medium",
  "created_at": "2025-10-17T15:19:42.199806",
  "checksum": "03b4e96814f943ac"
}