{
  "scenario_id": 89,
  "name": "narrow_passage_09",
  "description": "\u72ed\u3044\u901a\u8def\u3067\u306e\u7cbe\u5bc6\u5236\u5fa1\u8a55\u4fa1 \uff08\u969c\u5bb3\u7269\u5bc6\u5ea6: 0.47, \u6700\u5927\u52fe\u914d: 5.7\u5ea6, \u7c97\u3055: 0.35\uff09",
  "terrain_params": {
    "terrain_type": "narrow_passage",
    "size_x": 10.0,
    "size_y": 10.0,
    "size_z": 2.0,
    "obstacle_density": 0.47205235088015113,
    "max_slope": 5.675636022553748,
    "roughness": 0.352012670839415,
    "narrow_passage_width": 1.0195516797337536,
    "difficulty": "hard"
  },
  "robot_params": {
    "max_slope_capability": 30.0,
    "width": 0.8,
    "height": 0.6,
    "safety_margin": 0.2
  },
  "start_position": [
    -3.223671782249398,
    -2.740423609925963,
    0.0
  ],
  "goal_position": [
    2.5133573716074853,
    2.1736574105699424,
    1.2220706299940443
  ],
  "expected_difficulty": "hard",
  "created_at": "2025-10-17T15:19:42.202256",
  "checksum": "769ecec4969c74e0"
}