{
  "scenario_id": 74,
  "name": "obstacle_field_14",
  "description": "\u9ad8\u5bc6\u5ea6\u969c\u5bb3\u7269\u74b0\u5883\u3067\u306e\u56de\u907f\u80fd\u529b\u8a55\u4fa1 \uff08\u969c\u5bb3\u7269\u5bc6\u5ea6: 0.39, \u6700\u5927\u52fe\u914d: 14.7\u5ea6, \u7c97\u3055: 0.21\uff09",
  "terrain_params": {
    "terrain_type": "obstacle_field",
    "size_x": 10.0,
    "size_y": 10.0,
    "size_z": 2.0,
    "obstacle_density": 0.3938629464548525,
    "max_slope": 14.65010950441037,
    "roughness": 0.20580756464643316,
    "narrow_passage_width": 2.5,
    "difficulty": "medium"
  },
  "robot_params": {
    "max_slope_capability": 30.0,
    "width": 0.8,
    "height": 0.6,
    "safety_margin": 0.2
  },
  "start_position": [
    -2.385344187542942,
    -2.4314563253089148,
    0.0
  ],
  "goal_position": [
    2.623231398408345,
    4.0417499710788976,
    0.5293404936544477
  ],
  "expected_difficulty": "medium",
  "created_at": "2025-10-17T15:19:42.201519",
  "checksum": "47a37ca6666a641f"
}