{
  "scenario_id": 75,
  "name": "obstacle_field_15",
  "description": "\u9ad8\u5bc6\u5ea6\u969c\u5bb3\u7269\u74b0\u5883\u3067\u306e\u56de\u907f\u80fd\u529b\u8a55\u4fa1 \uff08\u969c\u5bb3\u7269\u5bc6\u5ea6: 0.46, \u6700\u5927\u52fe\u914d: 11.3\u5ea6, \u7c97\u3055: 0.39\uff09",
  "terrain_params": {
    "terrain_type": "obstacle_field",
    "size_x": 10.0,
    "size_y": 10.0,
    "size_z": 2.0,
    "obstacle_density": 0.46344375057953446,
    "max_slope": 11.262715856819113,
    "roughness": 0.39383710227843677,
    "narrow_passage_width": 2.5,
    "difficulty": "medium"
  },
  "robot_params": {
    "max_slope_capability": 30.0,
    "width": 0.8,
    "height": 0.6,
    "safety_margin": 0.2
  },
  "start_position": [
    1.5601630713464723,
    0.5855999408626086,
    0.0
  ],
  "goal_position": [
    8.460870682316159,
    8.104568953720463,
    0.28503626760247497
  ],
  "expected_difficulty": "medium",
  "created_at": "2025-10-17T15:10:08.061211",
  "checksum": "7d83f378de05a723"
}