{
  "scenario_id": 74,
  "name": "obstacle_field_14",
  "description": "\u9ad8\u5bc6\u5ea6\u969c\u5bb3\u7269\u74b0\u5883\u3067\u306e\u56de\u907f\u80fd\u529b\u8a55\u4fa1 \uff08\u969c\u5bb3\u7269\u5bc6\u5ea6: 0.34, \u6700\u5927\u52fe\u914d: 10.7\u5ea6, \u7c97\u3055: 0.24\uff09",
  "terrain_params": {
    "terrain_type": "obstacle_field",
    "size_x": 10.0,
    "size_y": 10.0,
    "size_z": 2.0,
    "obstacle_density": 0.340838996346511,
    "max_slope": 10.665826335044166,
    "roughness": 0.23675572135803222,
    "narrow_passage_width": 2.5,
    "difficulty": "medium"
  },
  "robot_params": {
    "max_slope_capability": 30.0,
    "width": 0.8,
    "height": 0.6,
    "safety_margin": 0.2
  },
  "start_position": [
    0.9177481083877125,
    1.1956973502007155,
    0.0
  ],
  "goal_position": [
    8.097229742619277,
    8.963947291946273,
    0.2650896685484713
  ],
  "expected_difficulty": "medium",
  "created_at": "2025-10-17T15:10:08.061167",
  "checksum": "3c01b2aeb21ca3a2"
}