{
  "scenario_id": 63,
  "name": "obstacle_field_03",
  "description": "\u9ad8\u5bc6\u5ea6\u969c\u5bb3\u7269\u74b0\u5883\u3067\u306e\u56de\u907f\u80fd\u529b\u8a55\u4fa1 \uff08\u969c\u5bb3\u7269\u5bc6\u5ea6: 0.32, \u6700\u5927\u52fe\u914d: 9.1\u5ea6, \u7c97\u3055: 0.29\uff09",
  "terrain_params": {
    "terrain_type": "obstacle_field",
    "size_x": 10.0,
    "size_y": 10.0,
    "size_z": 2.0,
    "obstacle_density": 0.3248997067111421,
    "max_slope": 9.10735086622147,
    "roughness": 0.2942751300348268,
    "narrow_passage_width": 2.5,
    "difficulty": "medium"
  },
  "robot_params": {
    "max_slope_capability": 30.0,
    "width": 0.8,
    "height": 0.6,
    "safety_margin": 0.2
  },
  "start_position": [
    0.9457471911496312,
    1.7030197311754005,
    0.0
  ],
  "goal_position": [
    8.685546520741873,
    8.470670413694595,
    0.062152652265984584
  ],
  "expected_difficulty": "medium",
  "created_at": "2025-10-17T15:10:08.060701",
  "checksum": "d3e778178571001b"
}