{
  "scenario_id": 23,
  "name": "gentle_slope_13",
  "description": "\u7de9\u3084\u304b\u306a\u659c\u9762\u3067\u306e\u79fb\u52d5\u6027\u80fd\u8a55\u4fa1 \uff08\u969c\u5bb3\u7269\u5bc6\u5ea6: 0.08, \u6700\u5927\u52fe\u914d: 19.9\u5ea6, \u7c97\u3055: 0.29\uff09",
  "terrain_params": {
    "terrain_type": "gentle_slope",
    "size_x": 10.0,
    "size_y": 10.0,
    "size_z": 3.0,
    "obstacle_density": 0.08318912186560201,
    "max_slope": 19.868040572596307,
    "roughness": 0.2932557489082614,
    "narrow_passage_width": 4.0,
    "difficulty": "easy"
  },
  "robot_params": {
    "max_slope_capability": 30.0,
    "width": 0.8,
    "height": 0.6,
    "safety_margin": 0.2
  },
  "start_position": [
    1.9822915351832036,
    1.2332271524460074,
    0.0
  ],
  "goal_position": [
    8.131436115113756,
    9.172501550474477,
    0.15404148445888646
  ],
  "expected_difficulty": "easy",
  "created_at": "2025-10-17T15:10:08.059004",
  "checksum": "3167e47651d788b4"
}