{
  "scenario_id": 65,
  "name": "obstacle_field_05",
  "description": "\u9ad8\u5bc6\u5ea6\u969c\u5bb3\u7269\u74b0\u5883\u3067\u306e\u56de\u907f\u80fd\u529b\u8a55\u4fa1 \uff08\u969c\u5bb3\u7269\u5bc6\u5ea6: 0.48, \u6700\u5927\u52fe\u914d: 6.8\u5ea6, \u7c97\u3055: 0.28\uff09",
  "terrain_params": {
    "terrain_type": "obstacle_field",
    "size_x": 10.0,
    "size_y": 10.0,
    "size_z": 2.0,
    "obstacle_density": 0.4773381078492468,
    "max_slope": 6.764028692858312,
    "roughness": 0.2810680528793529,
    "narrow_passage_width": 2.5,
    "difficulty": "medium"
  },
  "robot_params": {
    "max_slope_capability": 30.0,
    "width": 0.8,
    "height": 0.6,
    "safety_margin": 0.2
  },
  "start_position": [
    0.9123631019594363,
    1.9912839293658875,
    0.0
  ],
  "goal_position": [
    9.372307402909314,
    9.470854559025412,
    0.5404322124116442
  ],
  "expected_difficulty": "medium",
  "created_at": "2025-10-17T15:10:08.060786",
  "checksum": "72e1d84a62609ca8"
}