{
  "scenario_id": 28,
  "name": "steep_slope_03",
  "description": "\u6025\u659c\u9762\u3067\u306e\u767b\u5742\u80fd\u529b\u8a55\u4fa1 \uff08\u969c\u5bb3\u7269\u5bc6\u5ea6: 0.12, \u6700\u5927\u52fe\u914d: 33.0\u5ea6, \u7c97\u3055: 0.48\uff09",
  "terrain_params": {
    "terrain_type": "steep_slope",
    "size_x": 10.0,
    "size_y": 10.0,
    "size_z": 5.0,
    "obstacle_density": 0.11756399381652338,
    "max_slope": 33.04168690426074,
    "roughness": 0.47686822584575056,
    "narrow_passage_width": 3.0,
    "difficulty": "medium"
  },
  "robot_params": {
    "max_slope_capability": 30.0,
    "width": 0.8,
    "height": 0.6,
    "safety_margin": 0.2
  },
  "start_position": [
    0.7467408383490328,
    1.6476849030119733,
    0.0
  ],
  "goal_position": [
    8.552622866073529,
    9.129586396055295,
    0.4904861343761137
  ],
  "expected_difficulty": "medium",
  "created_at": "2025-10-17T15:10:08.059208",
  "checksum": "68ba3d9bf300846c"
}