{
  "scenario_id": 39,
  "name": "steep_slope_14",
  "description": "\u6025\u659c\u9762\u3067\u306e\u767b\u5742\u80fd\u529b\u8a55\u4fa1 \uff08\u969c\u5bb3\u7269\u5bc6\u5ea6: 0.12, \u6700\u5927\u52fe\u914d: 28.7\u5ea6, \u7c97\u3055: 0.41\uff09",
  "terrain_params": {
    "terrain_type": "steep_slope",
    "size_x": 10.0,
    "size_y": 10.0,
    "size_z": 5.0,
    "obstacle_density": 0.120815736191657,
    "max_slope": 28.745602556776134,
    "roughness": 0.4129888619771158,
    "narrow_passage_width": 3.0,
    "difficulty": "medium"
  },
  "robot_params": {
    "max_slope_capability": 30.0,
    "width": 0.8,
    "height": 0.6,
    "safety_margin": 0.2
  },
  "start_position": [
    1.6241932305457825,
    0.7293090843903276,
    0.0
  ],
  "goal_position": [
    8.777947878502491,
    9.078545602315002,
    0.020845813476580932
  ],
  "expected_difficulty": "easy",
  "created_at": "2025-10-17T15:10:08.059704",
  "checksum": "ee463273862d5e80"
}