{
  "scenario_id": 36,
  "name": "steep_slope_11",
  "description": "\u6025\u659c\u9762\u3067\u306e\u767b\u5742\u80fd\u529b\u8a55\u4fa1 \uff08\u969c\u5bb3\u7269\u5bc6\u5ea6: 0.13, \u6700\u5927\u52fe\u914d: 28.7\u5ea6, \u7c97\u3055: 0.47\uff09",
  "terrain_params": {
    "terrain_type": "steep_slope",
    "size_x": 10.0,
    "size_y": 10.0,
    "size_z": 5.0,
    "obstacle_density": 0.12825089108631407,
    "max_slope": 28.70316232564622,
    "roughness": 0.47395101482805263,
    "narrow_passage_width": 3.0,
    "difficulty": "medium"
  },
  "robot_params": {
    "max_slope_capability": 30.0,
    "width": 0.8,
    "height": 0.6,
    "safety_margin": 0.2
  },
  "start_position": [
    1.6142823441810863,
    1.665981785827817,
    0.0
  ],
  "goal_position": [
    8.791232763144691,
    9.260686250200859,
    1.4056247598880465
  ],
  "expected_difficulty": "easy",
  "created_at": "2025-10-17T15:10:08.059580",
  "checksum": "b0a5241ad2fed3f7"
}