{
  "scenario_id": 66,
  "name": "obstacle_field_06",
  "description": "\u9ad8\u5bc6\u5ea6\u969c\u5bb3\u7269\u74b0\u5883\u3067\u306e\u56de\u907f\u80fd\u529b\u8a55\u4fa1 \uff08\u969c\u5bb3\u7269\u5bc6\u5ea6: 0.43, \u6700\u5927\u52fe\u914d: 5.7\u5ea6, \u7c97\u3055: 0.34\uff09",
  "terrain_params": {
    "terrain_type": "obstacle_field",
    "size_x": 10.0,
    "size_y": 10.0,
    "size_z": 2.0,
    "obstacle_density": 0.429146592470011,
    "max_slope": 5.693225155745623,
    "roughness": 0.33664007653099837,
    "narrow_passage_width": 2.5,
    "difficulty": "medium"
  },
  "robot_params": {
    "max_slope_capability": 30.0,
    "width": 0.8,
    "height": 0.6,
    "safety_margin": 0.2
  },
  "start_position": [
    1.4469558440375148,
    1.1278563250115048,
    0.0
  ],
  "goal_position": [
    9.323487512377913,
    9.07323692174009,
    0.3863214533961004
  ],
  "expected_difficulty": "medium",
  "created_at": "2025-10-17T15:10:08.060831",
  "checksum": "e419d9a758cd36b5"
}