{
  "scenario_id": 42,
  "name": "mixed_terrain_02",
  "description": "\u591a\u69d8\u306a\u5730\u5f62\u8981\u7d20\u304c\u6df7\u5728\u3059\u308b\u74b0\u5883\u3067\u306e\u9069\u5fdc\u6027\u8a55\u4fa1 \uff08\u969c\u5bb3\u7269\u5bc6\u5ea6: 0.16, \u6700\u5927\u52fe\u914d: 19.0\u5ea6, \u7c97\u3055: 0.58\uff09",
  "terrain_params": {
    "terrain_type": "mixed_terrain",
    "size_x": 12.0,
    "size_y": 12.0,
    "size_z": 4.0,
    "obstacle_density": 0.1627946898448028,
    "max_slope": 18.979734194051147,
    "roughness": 0.5772277497217047,
    "narrow_passage_width": 3.5,
    "difficulty": "medium"
  },
  "robot_params": {
    "max_slope_capability": 30.0,
    "width": 0.8,
    "height": 0.6,
    "safety_margin": 0.2
  },
  "start_position": [
    0.6401450002278103,
    1.3035594187339585,
    0.0
  ],
  "goal_position": [
    10.57070716521335,
    10.008622164348223,
    0.04406048684690913
  ],
  "expected_difficulty": "easy",
  "created_at": "2025-10-17T15:10:08.059840",
  "checksum": "195b5007ea78ce18"
}