{
  "scenario_id": 17,
  "name": "gentle_slope_07",
  "description": "\u7de9\u3084\u304b\u306a\u659c\u9762\u3067\u306e\u79fb\u52d5\u6027\u80fd\u8a55\u4fa1 \uff08\u969c\u5bb3\u7269\u5bc6\u5ea6: 0.14, \u6700\u5927\u52fe\u914d: 14.0\u5ea6, \u7c97\u3055: 0.26\uff09",
  "terrain_params": {
    "terrain_type": "gentle_slope",
    "size_x": 10.0,
    "size_y": 10.0,
    "size_z": 3.0,
    "obstacle_density": 0.14378364072242739,
    "max_slope": 14.012368697367966,
    "roughness": 0.2588825626165033,
    "narrow_passage_width": 4.0,
    "difficulty": "easy"
  },
  "robot_params": {
    "max_slope_capability": 30.0,
    "width": 0.8,
    "height": 0.6,
    "safety_margin": 0.2
  },
  "start_position": [
    0.8551641005746227,
    1.6140642363945181,
    0.0
  ],
  "goal_position": [
    8.229193748973806,
    8.034111171528345,
    0.09821980877599973
  ],
  "expected_difficulty": "easy",
  "created_at": "2025-10-17T15:10:08.058754",
  "checksum": "5abad7c985ab2f9d"
}