{
  "scenario_id": 21,
  "name": "gentle_slope_11",
  "description": "\u7de9\u3084\u304b\u306a\u659c\u9762\u3067\u306e\u79fb\u52d5\u6027\u80fd\u8a55\u4fa1 \uff08\u969c\u5bb3\u7269\u5bc6\u5ea6: 0.14, \u6700\u5927\u52fe\u914d: 19.2\u5ea6, \u7c97\u3055: 0.35\uff09",
  "terrain_params": {
    "terrain_type": "gentle_slope",
    "size_x": 10.0,
    "size_y": 10.0,
    "size_z": 3.0,
    "obstacle_density": 0.14301408111183822,
    "max_slope": 19.225465697658038,
    "roughness": 0.34633538941964453,
    "narrow_passage_width": 4.0,
    "difficulty": "easy"
  },
  "robot_params": {
    "max_slope_capability": 30.0,
    "width": 0.8,
    "height": 0.6,
    "safety_margin": 0.2
  },
  "start_position": [
    0.6886940888226433,
    1.83210913273201,
    0.0
  ],
  "goal_position": [
    8.62445112471472,
    9.060528439026786,
    0.18755224128371498
  ],
  "expected_difficulty": "easy",
  "created_at": "2025-10-17T15:10:08.058925",
  "checksum": "13f4c75d7541a8d1"
}