{
  "scenario_id": 50,
  "name": "mixed_terrain_10",
  "description": "\u591a\u69d8\u306a\u5730\u5f62\u8981\u7d20\u304c\u6df7\u5728\u3059\u308b\u74b0\u5883\u3067\u306e\u9069\u5fdc\u6027\u8a55\u4fa1 \uff08\u969c\u5bb3\u7269\u5bc6\u5ea6: 0.29, \u6700\u5927\u52fe\u914d: 18.5\u5ea6, \u7c97\u3055: 0.59\uff09",
  "terrain_params": {
    "terrain_type": "mixed_terrain",
    "size_x": 12.0,
    "size_y": 12.0,
    "size_z": 4.0,
    "obstacle_density": 0.2867830181177342,
    "max_slope": 18.510996845160953,
    "roughness": 0.5924936327564514,
    "narrow_passage_width": 3.5,
    "difficulty": "medium"
  },
  "robot_params": {
    "max_slope_capability": 30.0,
    "width": 0.8,
    "height": 0.6,
    "safety_margin": 0.2
  },
  "start_position": [
    1.953470913030238,
    1.6629822155069736,
    0.0
  ],
  "goal_position": [
    10.072645484516013,
    11.048063298159434,
    0.981734422970175
  ],
  "expected_difficulty": "easy",
  "created_at": "2025-10-17T15:10:08.060169",
  "checksum": "38c1d2bba0beb1ce"
}