{
  "scenario_id": 11,
  "name": "gentle_slope_01",
  "description": "\u7de9\u3084\u304b\u306a\u659c\u9762\u3067\u306e\u79fb\u52d5\u6027\u80fd\u8a55\u4fa1 \uff08\u969c\u5bb3\u7269\u5bc6\u5ea6: 0.06, \u6700\u5927\u52fe\u914d: 19.1\u5ea6, \u7c97\u3055: 0.36\uff09",
  "terrain_params": {
    "terrain_type": "gentle_slope",
    "size_x": 10.0,
    "size_y": 10.0,
    "size_z": 3.0,
    "obstacle_density": 0.05901847713389374,
    "max_slope": 19.140011266864338,
    "roughness": 0.36447089958256207,
    "narrow_passage_width": 4.0,
    "difficulty": "easy"
  },
  "robot_params": {
    "max_slope_capability": 30.0,
    "width": 0.8,
    "height": 0.6,
    "safety_margin": 0.2
  },
  "start_position": [
    1.0366328265373685,
    1.2516191930529497,
    0.0
  ],
  "goal_position": [
    9.344593771898568,
    8.461785706691845,
    0.13707394496897438
  ],
  "expected_difficulty": "easy",
  "created_at": "2025-10-17T15:10:08.058512",
  "checksum": "92ab5192dc632e53"
}