{
  "scenario_id": 24,
  "name": "gentle_slope_14",
  "description": "\u7de9\u3084\u304b\u306a\u659c\u9762\u3067\u306e\u79fb\u52d5\u6027\u80fd\u8a55\u4fa1 \uff08\u969c\u5bb3\u7269\u5bc6\u5ea6: 0.08, \u6700\u5927\u52fe\u914d: 14.2\u5ea6, \u7c97\u3055: 0.30\uff09",
  "terrain_params": {
    "terrain_type": "gentle_slope",
    "size_x": 10.0,
    "size_y": 10.0,
    "size_z": 3.0,
    "obstacle_density": 0.0806095521793176,
    "max_slope": 14.214651448779843,
    "roughness": 0.30362945663189733,
    "narrow_passage_width": 4.0,
    "difficulty": "easy"
  },
  "robot_params": {
    "max_slope_capability": 30.0,
    "width": 0.8,
    "height": 0.6,
    "safety_margin": 0.2
  },
  "start_position": [
    0.9379698639181901,
    1.6822434201438459,
    0.0
  ],
  "goal_position": [
    9.43354010574582,
    8.247060963570824,
    0.5889955261352697
  ],
  "expected_difficulty": "easy",
  "created_at": "2025-10-17T15:10:08.059045",
  "checksum": "b9bcdd15379cd532"
}