{
  "scenario_id": 54,
  "name": "mixed_terrain_14",
  "description": "\u591a\u69d8\u306a\u5730\u5f62\u8981\u7d20\u304c\u6df7\u5728\u3059\u308b\u74b0\u5883\u3067\u306e\u9069\u5fdc\u6027\u8a55\u4fa1 \uff08\u969c\u5bb3\u7269\u5bc6\u5ea6: 0.21, \u6700\u5927\u52fe\u914d: 25.7\u5ea6, \u7c97\u3055: 0.31\uff09",
  "terrain_params": {
    "terrain_type": "mixed_terrain",
    "size_x": 12.0,
    "size_y": 12.0,
    "size_z": 4.0,
    "obstacle_density": 0.20555471369269362,
    "max_slope": 25.65568658970976,
    "roughness": 0.30711002959779965,
    "narrow_passage_width": 3.5,
    "difficulty": "medium"
  },
  "robot_params": {
    "max_slope_capability": 30.0,
    "width": 0.8,
    "height": 0.6,
    "safety_margin": 0.2
  },
  "start_position": [
    0.8218964762175384,
    1.5836661726460666,
    0.0
  ],
  "goal_position": [
    10.054667656731683,
    11.29405466998406,
    0.8775150096501316
  ],
  "expected_difficulty": "medium",
  "created_at": "2025-10-17T15:10:08.060327",
  "checksum": "8403ed013ef0113d"
}