{
  "scenario_id": 69,
  "name": "obstacle_field_09",
  "description": "\u9ad8\u5bc6\u5ea6\u969c\u5bb3\u7269\u74b0\u5883\u3067\u306e\u56de\u907f\u80fd\u529b\u8a55\u4fa1 \uff08\u969c\u5bb3\u7269\u5bc6\u5ea6: 0.47, \u6700\u5927\u52fe\u914d: 8.8\u5ea6, \u7c97\u3055: 0.23\uff09",
  "terrain_params": {
    "terrain_type": "obstacle_field",
    "size_x": 10.0,
    "size_y": 10.0,
    "size_z": 2.0,
    "obstacle_density": 0.4666358563060894,
    "max_slope": 8.78458869179466,
    "roughness": 0.23453816801058716,
    "narrow_passage_width": 2.5,
    "difficulty": "medium"
  },
  "robot_params": {
    "max_slope_capability": 30.0,
    "width": 0.8,
    "height": 0.6,
    "safety_margin": 0.2
  },
  "start_position": [
    1.006822440059478,
    1.7717165576806517,
    0.0
  ],
  "goal_position": [
    8.524720034699335,
    9.365244781079523,
    0.3912277892551808
  ],
  "expected_difficulty": "medium",
  "created_at": "2025-10-17T15:10:08.060952",
  "checksum": "a52730ab89060b91"
}