{
  "scenario_id": 59,
  "name": "mixed_terrain_19",
  "description": "\u591a\u69d8\u306a\u5730\u5f62\u8981\u7d20\u304c\u6df7\u5728\u3059\u308b\u74b0\u5883\u3067\u306e\u9069\u5fdc\u6027\u8a55\u4fa1 \uff08\u969c\u5bb3\u7269\u5bc6\u5ea6: 0.30, \u6700\u5927\u52fe\u914d: 17.9\u5ea6, \u7c97\u3055: 0.35\uff09",
  "terrain_params": {
    "terrain_type": "mixed_terrain",
    "size_x": 12.0,
    "size_y": 12.0,
    "size_z": 4.0,
    "obstacle_density": 0.2992595422402325,
    "max_slope": 17.890846503861553,
    "roughness": 0.3540829864162507,
    "narrow_passage_width": 3.5,
    "difficulty": "medium"
  },
  "robot_params": {
    "max_slope_capability": 30.0,
    "width": 0.8,
    "height": 0.6,
    "safety_margin": 0.2
  },
  "start_position": [
    1.2247270549110305,
    1.7467106321312937,
    0.0
  ],
  "goal_position": [
    11.37753051632868,
    10.913309378760518,
    0.5663007413809948
  ],
  "expected_difficulty": "easy",
  "created_at": "2025-10-17T15:10:08.060527",
  "checksum": "9840d0963b4e241b"
}