{
  "scenario_id": 4,
  "name": "flat_terrain_04",
  "description": "\u5e73\u5766\u306a\u5730\u5f62\u3067\u306e\u30d9\u30fc\u30b9\u30e9\u30a4\u30f3\u8a55\u4fa1 \uff08\u969c\u5bb3\u7269\u5bc6\u5ea6: 0.04, \u6700\u5927\u52fe\u914d: 4.3\u5ea6, \u7c97\u3055: 0.09\uff09",
  "terrain_params": {
    "terrain_type": "flat_terrain",
    "size_x": 10.0,
    "size_y": 10.0,
    "size_z": 0.5,
    "obstacle_density": 0.03507756544820706,
    "max_slope": 4.328181369206628,
    "roughness": 0.08986037388569929,
    "narrow_passage_width": 5.0,
    "difficulty": "easy"
  },
  "robot_params": {
    "max_slope_capability": 30.0,
    "width": 0.8,
    "height": 0.6,
    "safety_margin": 0.2
  },
  "start_position": [
    0.8718682001670388,
    1.7304956807395053,
    0.0
  ],
  "goal_position": [
    8.191794032668064,
    9.302255866221012,
    0.0004509950011986341
  ],
  "expected_difficulty": "easy",
  "created_at": "2025-10-17T15:10:08.058222",
  "checksum": "6c95e3979fab35ed"
}