{
  "scenario_id": 16,
  "name": "gentle_slope_06",
  "description": "\u7de9\u3084\u304b\u306a\u659c\u9762\u3067\u306e\u79fb\u52d5\u6027\u80fd\u8a55\u4fa1 \uff08\u969c\u5bb3\u7269\u5bc6\u5ea6: 0.14, \u6700\u5927\u52fe\u914d: 13.7\u5ea6, \u7c97\u3055: 0.21\uff09",
  "terrain_params": {
    "terrain_type": "gentle_slope",
    "size_x": 10.0,
    "size_y": 10.0,
    "size_z": 3.0,
    "obstacle_density": 0.13745749001847035,
    "max_slope": 13.696046119052623,
    "roughness": 0.20998959035394016,
    "narrow_passage_width": 4.0,
    "difficulty": "easy"
  },
  "robot_params": {
    "max_slope_capability": 30.0,
    "width": 0.8,
    "height": 0.6,
    "safety_margin": 0.2
  },
  "start_position": [
    1.9462899898860078,
    1.4664282221483456,
    0.0
  ],
  "goal_position": [
    9.468281206226095,
    9.38607231702682,
    0.8225699008420193
  ],
  "expected_difficulty": "easy",
  "created_at": "2025-10-17T15:10:08.058716",
  "checksum": "163d884cbd713155"
}