{
  "scenario_id": 79,
  "name": "obstacle_field_19",
  "description": "\u9ad8\u5bc6\u5ea6\u969c\u5bb3\u7269\u74b0\u5883\u3067\u306e\u56de\u907f\u80fd\u529b\u8a55\u4fa1 \uff08\u969c\u5bb3\u7269\u5bc6\u5ea6: 0.39, \u6700\u5927\u52fe\u914d: 11.7\u5ea6, \u7c97\u3055: 0.32\uff09",
  "terrain_params": {
    "terrain_type": "obstacle_field",
    "size_x": 10.0,
    "size_y": 10.0,
    "size_z": 2.0,
    "obstacle_density": 0.3878615163600937,
    "max_slope": 11.67381285115438,
    "roughness": 0.3202888108181447,
    "narrow_passage_width": 2.5,
    "difficulty": "medium"
  },
  "robot_params": {
    "max_slope_capability": 30.0,
    "width": 0.8,
    "height": 0.6,
    "safety_margin": 0.2
  },
  "start_position": [
    0.6752452549492547,
    0.5346955393049797,
    0.0
  ],
  "goal_position": [
    8.587000872015153,
    8.216638441531787,
    0.5548504265419422
  ],
  "expected_difficulty": "medium",
  "created_at": "2025-10-17T15:10:08.061377",
  "checksum": "53c8f1dfad2ab1ce"
}