{
  "scenario_id": 88,
  "name": "narrow_passage_08",
  "description": "\u72ed\u3044\u901a\u8def\u3067\u306e\u7cbe\u5bc6\u5236\u5fa1\u8a55\u4fa1 \uff08\u969c\u5bb3\u7269\u5bc6\u5ea6: 0.52, \u6700\u5927\u52fe\u914d: 10.9\u5ea6, \u7c97\u3055: 0.31\uff09",
  "terrain_params": {
    "terrain_type": "narrow_passage",
    "size_x": 10.0,
    "size_y": 10.0,
    "size_z": 2.0,
    "obstacle_density": 0.5195539023670953,
    "max_slope": 10.869281271126926,
    "roughness": 0.3124157031202926,
    "narrow_passage_width": 1.1664833435599744,
    "difficulty": "hard"
  },
  "robot_params": {
    "max_slope_capability": 30.0,
    "width": 0.8,
    "height": 0.6,
    "safety_margin": 0.2
  },
  "start_position": [
    1.8822221438683624,
    0.8500298419751806,
    0.0
  ],
  "goal_position": [
    8.829554408736323,
    8.496163906549008,
    0.5091093818083094
  ],
  "expected_difficulty": "hard",
  "created_at": "2025-10-17T15:10:08.061768",
  "checksum": "a18a1efe490af18a"
}