{
  "scenario_id": 90,
  "name": "complex_3d_00",
  "description": "\u8907\u96d1\u306a3D\u5730\u5f62\u3067\u306e\u7dcf\u5408\u6027\u80fd\u8a55\u4fa1 \uff08\u969c\u5bb3\u7269\u5bc6\u5ea6: 0.33, \u6700\u5927\u52fe\u914d: 24.4\u5ea6, \u7c97\u3055: 0.66\uff09",
  "terrain_params": {
    "terrain_type": "complex_3d",
    "size_x": 15.0,
    "size_y": 15.0,
    "size_z": 6.0,
    "obstacle_density": 0.3262442148671931,
    "max_slope": 24.380717896247923,
    "roughness": 0.661560259220763,
    "narrow_passage_width": 2.190335805141199,
    "difficulty": "hard"
  },
  "robot_params": {
    "max_slope_capability": 30.0,
    "width": 0.8,
    "height": 0.6,
    "safety_margin": 0.2
  },
  "start_position": [
    1.7964127749179006,
    1.9069122101930813,
    0.0
  ],
  "goal_position": [
    13.507199666902954,
    13.4169590825744,
    1.7041778811780366
  ],
  "expected_difficulty": "medium",
  "created_at": "2025-10-17T15:10:08.061857",
  "checksum": "b94ba351eecd7107"
}