{
  "scenario_id": 98,
  "name": "complex_3d_08",
  "description": "\u8907\u96d1\u306a3D\u5730\u5f62\u3067\u306e\u7dcf\u5408\u6027\u80fd\u8a55\u4fa1 \uff08\u969c\u5bb3\u7269\u5bc6\u5ea6: 0.35, \u6700\u5927\u52fe\u914d: 28.3\u5ea6, \u7c97\u3055: 0.61\uff09",
  "terrain_params": {
    "terrain_type": "complex_3d",
    "size_x": 15.0,
    "size_y": 15.0,
    "size_z": 6.0,
    "obstacle_density": 0.3459766213437151,
    "max_slope": 28.25159265838752,
    "roughness": 0.6050745485632362,
    "narrow_passage_width": 2.1594480228860413,
    "difficulty": "hard"
  },
  "robot_params": {
    "max_slope_capability": 30.0,
    "width": 0.8,
    "height": 0.6,
    "safety_margin": 0.2
  },
  "start_position": [
    1.720755560580834,
    1.6569815340164413,
    0.0
  ],
  "goal_position": [
    13.278289372280067,
    13.956596195215536,
    0.8011556894024255
  ],
  "expected_difficulty": "medium",
  "created_at": "2025-10-17T15:10:08.062213",
  "checksum": "c421e382140115b0"
}