{
  "scenario_id": 33,
  "name": "steep_slope_08",
  "description": "\u6025\u659c\u9762\u3067\u306e\u767b\u5742\u80fd\u529b\u8a55\u4fa1 \uff08\u969c\u5bb3\u7269\u5bc6\u5ea6: 0.15, \u6700\u5927\u52fe\u914d: 28.4\u5ea6, \u7c97\u3055: 0.51\uff09",
  "terrain_params": {
    "terrain_type": "steep_slope",
    "size_x": 10.0,
    "size_y": 10.0,
    "size_z": 5.0,
    "obstacle_density": 0.15271023492011163,
    "max_slope": 28.395115593695827,
    "roughness": 0.5062353354707242,
    "narrow_passage_width": 3.0,
    "difficulty": "medium"
  },
  "robot_params": {
    "max_slope_capability": 30.0,
    "width": 0.8,
    "height": 0.6,
    "safety_margin": 0.2
  },
  "start_position": [
    1.2801278801420235,
    1.3181879725390115,
    0.0
  ],
  "goal_position": [
    9.048654262408546,
    9.438464803486932,
    0.5175736815614556
  ],
  "expected_difficulty": "easy",
  "created_at": "2025-10-17T15:10:08.059403",
  "checksum": "8929f7b0ad8c8d69"
}