{
  "scenario_id": 89,
  "name": "narrow_passage_09",
  "description": "\u72ed\u3044\u901a\u8def\u3067\u306e\u7cbe\u5bc6\u5236\u5fa1\u8a55\u4fa1 \uff08\u969c\u5bb3\u7269\u5bc6\u5ea6: 0.42, \u6700\u5927\u52fe\u914d: 10.0\u5ea6, \u7c97\u3055: 0.45\uff09",
  "terrain_params": {
    "terrain_type": "narrow_passage",
    "size_x": 10.0,
    "size_y": 10.0,
    "size_z": 2.0,
    "obstacle_density": 0.42190093921419275,
    "max_slope": 9.955347985893425,
    "roughness": 0.4480519867143147,
    "narrow_passage_width": 1.6130311202407093,
    "difficulty": "hard"
  },
  "robot_params": {
    "max_slope_capability": 30.0,
    "width": 0.8,
    "height": 0.6,
    "safety_margin": 0.2
  },
  "start_position": [
    1.8409058231757611,
    0.9613635869841464,
    0.0
  ],
  "goal_position": [
    9.283375061643067,
    9.214517932974568,
    0.41377726570708395
  ],
  "expected_difficulty": "hard",
  "created_at": "2025-10-17T15:10:08.061812",
  "checksum": "d16a71659e953563"
}