{
  "scenario_id": 15,
  "name": "gentle_slope_05",
  "description": "\u7de9\u3084\u304b\u306a\u659c\u9762\u3067\u306e\u79fb\u52d5\u6027\u80fd\u8a55\u4fa1 \uff08\u969c\u5bb3\u7269\u5bc6\u5ea6: 0.11, \u6700\u5927\u52fe\u914d: 15.1\u5ea6, \u7c97\u3055: 0.24\uff09",
  "terrain_params": {
    "terrain_type": "gentle_slope",
    "size_x": 10.0,
    "size_y": 10.0,
    "size_z": 3.0,
    "obstacle_density": 0.10969306085952463,
    "max_slope": 15.10908451762386,
    "roughness": 0.2372227032561441,
    "narrow_passage_width": 4.0,
    "difficulty": "easy"
  },
  "robot_params": {
    "max_slope_capability": 30.0,
    "width": 0.8,
    "height": 0.6,
    "safety_margin": 0.2
  },
  "start_position": [
    1.9111367437655131,
    1.1153392112954519,
    0.0
  ],
  "goal_position": [
    8.029466976680753,
    9.06878100098816,
    0.3027235018603996
  ],
  "expected_difficulty": "easy",
  "created_at": "2025-10-17T15:10:08.058677",
  "checksum": "23b79a85f70fa9cc"
}