{
  "scenario_id": 22,
  "name": "gentle_slope_12",
  "description": "\u7de9\u3084\u304b\u306a\u659c\u9762\u3067\u306e\u79fb\u52d5\u6027\u80fd\u8a55\u4fa1 \uff08\u969c\u5bb3\u7269\u5bc6\u5ea6: 0.14, \u6700\u5927\u52fe\u914d: 15.6\u5ea6, \u7c97\u3055: 0.34\uff09",
  "terrain_params": {
    "terrain_type": "gentle_slope",
    "size_x": 10.0,
    "size_y": 10.0,
    "size_z": 3.0,
    "obstacle_density": 0.13708864310879115,
    "max_slope": 15.559162307499797,
    "roughness": 0.3373481341567036,
    "narrow_passage_width": 4.0,
    "difficulty": "easy"
  },
  "robot_params": {
    "max_slope_capability": 30.0,
    "width": 0.8,
    "height": 0.6,
    "safety_margin": 0.2
  },
  "start_position": [
    1.05181639347734,
    1.8794067659193592,
    0.0
  ],
  "goal_position": [
    9.18606994663489,
    9.223694866789792,
    0.3206232215049386
  ],
  "expected_difficulty": "easy",
  "created_at": "2025-10-17T15:10:08.058964",
  "checksum": "683634808a06641c"
}