{
  "scenario_id": 78,
  "name": "obstacle_field_18",
  "description": "\u9ad8\u5bc6\u5ea6\u969c\u5bb3\u7269\u74b0\u5883\u3067\u306e\u56de\u907f\u80fd\u529b\u8a55\u4fa1 \uff08\u969c\u5bb3\u7269\u5bc6\u5ea6: 0.42, \u6700\u5927\u52fe\u914d: 13.4\u5ea6, \u7c97\u3055: 0.34\uff09",
  "terrain_params": {
    "terrain_type": "obstacle_field",
    "size_x": 10.0,
    "size_y": 10.0,
    "size_z": 2.0,
    "obstacle_density": 0.4184312429220919,
    "max_slope": 13.438492837919279,
    "roughness": 0.34218870475439833,
    "narrow_passage_width": 2.5,
    "difficulty": "medium"
  },
  "robot_params": {
    "max_slope_capability": 30.0,
    "width": 0.8,
    "height": 0.6,
    "safety_margin": 0.2
  },
  "start_position": [
    1.9767211433375316,
    1.9455146203818798,
    0.0
  ],
  "goal_position": [
    8.050032869034847,
    8.930300922716649,
    0.3584603687391806
  ],
  "expected_difficulty": "medium",
  "created_at": "2025-10-17T15:10:08.061337",
  "checksum": "e62ca8684a683d11"
}