{
  "scenario_id": 95,
  "name": "complex_3d_05",
  "description": "\u8907\u96d1\u306a3D\u5730\u5f62\u3067\u306e\u7dcf\u5408\u6027\u80fd\u8a55\u4fa1 \uff08\u969c\u5bb3\u7269\u5bc6\u5ea6: 0.37, \u6700\u5927\u52fe\u914d: 29.6\u5ea6, \u7c97\u3055: 0.78\uff09",
  "terrain_params": {
    "terrain_type": "complex_3d",
    "size_x": 15.0,
    "size_y": 15.0,
    "size_z": 6.0,
    "obstacle_density": 0.3745291611873065,
    "max_slope": 29.62868811254458,
    "roughness": 0.7776279627896766,
    "narrow_passage_width": 2.0000148581882664,
    "difficulty": "hard"
  },
  "robot_params": {
    "max_slope_capability": 30.0,
    "width": 0.8,
    "height": 0.6,
    "safety_margin": 0.2
  },
  "start_position": [
    1.7714409682583505,
    1.2905746903501703,
    0.0
  ],
  "goal_position": [
    14.339871449525281,
    14.459435563132008,
    0.48699224060797386
  ],
  "expected_difficulty": "medium",
  "created_at": "2025-10-17T15:10:08.062079",
  "checksum": "d7fe0f78266dcbd0"
}