{
  "scenario_id": 73,
  "name": "obstacle_field_13",
  "description": "\u9ad8\u5bc6\u5ea6\u969c\u5bb3\u7269\u74b0\u5883\u3067\u306e\u56de\u907f\u80fd\u529b\u8a55\u4fa1 \uff08\u969c\u5bb3\u7269\u5bc6\u5ea6: 0.33, \u6700\u5927\u52fe\u914d: 5.6\u5ea6, \u7c97\u3055: 0.23\uff09",
  "terrain_params": {
    "terrain_type": "obstacle_field",
    "size_x": 10.0,
    "size_y": 10.0,
    "size_z": 2.0,
    "obstacle_density": 0.33327418930388214,
    "max_slope": 5.581054692330366,
    "roughness": 0.23327942575955238,
    "narrow_passage_width": 2.5,
    "difficulty": "medium"
  },
  "robot_params": {
    "max_slope_capability": 30.0,
    "width": 0.8,
    "height": 0.6,
    "safety_margin": 0.2
  },
  "start_position": [
    1.2720802885738374,
    1.6709952418485594,
    0.0
  ],
  "goal_position": [
    8.168421914328055,
    8.248891740035166,
    0.22431688316894235
  ],
  "expected_difficulty": "medium",
  "created_at": "2025-10-17T15:10:08.061126",
  "checksum": "23ce90e29d2e5f5e"
}