{
  "scenario_id": 8,
  "name": "flat_terrain_08",
  "description": "\u5e73\u5766\u306a\u5730\u5f62\u3067\u306e\u30d9\u30fc\u30b9\u30e9\u30a4\u30f3\u8a55\u4fa1 \uff08\u969c\u5bb3\u7269\u5bc6\u5ea6: 0.09, \u6700\u5927\u52fe\u914d: 3.5\u5ea6, \u7c97\u3055: 0.17\uff09",
  "terrain_params": {
    "terrain_type": "flat_terrain",
    "size_x": 10.0,
    "size_y": 10.0,
    "size_z": 0.5,
    "obstacle_density": 0.09330643262704494,
    "max_slope": 3.5381712616776535,
    "roughness": 0.16934035539740058,
    "narrow_passage_width": 5.0,
    "difficulty": "easy"
  },
  "robot_params": {
    "max_slope_capability": 30.0,
    "width": 0.8,
    "height": 0.6,
    "safety_margin": 0.2
  },
  "start_position": [
    1.1133555644215445,
    1.4491675266569897,
    0.0
  ],
  "goal_position": [
    9.153809579188623,
    8.356479596303686,
    0.12598400849330144
  ],
  "expected_difficulty": "easy",
  "created_at": "2025-10-17T15:10:08.058385",
  "checksum": "28cc8f1c67808e06"
}