{
  "scenario_id": 9,
  "name": "flat_terrain_09",
  "description": "\u5e73\u5766\u306a\u5730\u5f62\u3067\u306e\u30d9\u30fc\u30b9\u30e9\u30a4\u30f3\u8a55\u4fa1 \uff08\u969c\u5bb3\u7269\u5bc6\u5ea6: 0.01, \u6700\u5927\u52fe\u914d: 1.6\u5ea6, \u7c97\u3055: 0.02\uff09",
  "terrain_params": {
    "terrain_type": "flat_terrain",
    "size_x": 10.0,
    "size_y": 10.0,
    "size_z": 0.5,
    "obstacle_density": 0.009711703824500085,
    "max_slope": 1.6408892253139213,
    "roughness": 0.019092183801643816,
    "narrow_passage_width": 5.0,
    "difficulty": "easy"
  },
  "robot_params": {
    "max_slope_capability": 30.0,
    "width": 0.8,
    "height": 0.6,
    "safety_margin": 0.2
  },
  "start_position": [
    0.6311609854951543,
    0.9206448910388708,
    0.0
  ],
  "goal_position": [
    9.118100741238166,
    9.453220146693859,
    0.019366625990153468
  ],
  "expected_difficulty": "easy",
  "created_at": "2025-10-17T15:10:08.058427",
  "checksum": "7e95bac6e5cf5e22"
}