{
  "scenario_id": 26,
  "name": "steep_slope_01",
  "description": "\u6025\u659c\u9762\u3067\u306e\u767b\u5742\u80fd\u529b\u8a55\u4fa1 \uff08\u969c\u5bb3\u7269\u5bc6\u5ea6: 0.15, \u6700\u5927\u52fe\u914d: 28.5\u5ea6, \u7c97\u3055: 0.57\uff09",
  "terrain_params": {
    "terrain_type": "steep_slope",
    "size_x": 10.0,
    "size_y": 10.0,
    "size_z": 5.0,
    "obstacle_density": 0.15157904578932271,
    "max_slope": 28.548789847052184,
    "roughness": 0.5735684795658524,
    "narrow_passage_width": 3.0,
    "difficulty": "medium"
  },
  "robot_params": {
    "max_slope_capability": 30.0,
    "width": 0.8,
    "height": 0.6,
    "safety_margin": 0.2
  },
  "start_position": [
    0.532851584672468,
    1.5093450665065942,
    0.0
  ],
  "goal_position": [
    8.389729236109687,
    8.67365568983,
    1.2453739867299083
  ],
  "expected_difficulty": "easy",
  "created_at": "2025-10-17T15:10:08.059126",
  "checksum": "3d2036787b160cc1"
}