{
  "scenario_id": 44,
  "name": "mixed_terrain_04",
  "description": "\u591a\u69d8\u306a\u5730\u5f62\u8981\u7d20\u304c\u6df7\u5728\u3059\u308b\u74b0\u5883\u3067\u306e\u9069\u5fdc\u6027\u8a55\u4fa1 \uff08\u969c\u5bb3\u7269\u5bc6\u5ea6: 0.24, \u6700\u5927\u52fe\u914d: 17.1\u5ea6, \u7c97\u3055: 0.40\uff09",
  "terrain_params": {
    "terrain_type": "mixed_terrain",
    "size_x": 12.0,
    "size_y": 12.0,
    "size_z": 4.0,
    "obstacle_density": 0.23796876487994303,
    "max_slope": 17.117978680711353,
    "roughness": 0.40453640699225063,
    "narrow_passage_width": 3.5,
    "difficulty": "medium"
  },
  "robot_params": {
    "max_slope_capability": 30.0,
    "width": 0.8,
    "height": 0.6,
    "safety_margin": 0.2
  },
  "start_position": [
    1.5374966487394373,
    1.4108982536647843,
    0.0
  ],
  "goal_position": [
    10.925720599193271,
    10.976513958667322,
    0.4211736945753454
  ],
  "expected_difficulty": "easy",
  "created_at": "2025-10-17T15:10:08.059924",
  "checksum": "bd4546a29fb18294"
}