{
  "scenario_id": 43,
  "name": "mixed_terrain_03",
  "description": "\u591a\u69d8\u306a\u5730\u5f62\u8981\u7d20\u304c\u6df7\u5728\u3059\u308b\u74b0\u5883\u3067\u306e\u9069\u5fdc\u6027\u8a55\u4fa1 \uff08\u969c\u5bb3\u7269\u5bc6\u5ea6: 0.30, \u6700\u5927\u52fe\u914d: 21.0\u5ea6, \u7c97\u3055: 0.49\uff09",
  "terrain_params": {
    "terrain_type": "mixed_terrain",
    "size_x": 12.0,
    "size_y": 12.0,
    "size_z": 4.0,
    "obstacle_density": 0.2997289945098608,
    "max_slope": 20.993812153231413,
    "roughness": 0.49431904947130134,
    "narrow_passage_width": 3.5,
    "difficulty": "medium"
  },
  "robot_params": {
    "max_slope_capability": 30.0,
    "width": 0.8,
    "height": 0.6,
    "safety_margin": 0.2
  },
  "start_position": [
    1.6987759073708404,
    1.6690651632565174,
    0.0
  ],
  "goal_position": [
    10.294687713935577,
    10.813664519636008,
    1.131459321584428
  ],
  "expected_difficulty": "medium",
  "created_at": "2025-10-17T15:10:08.059881",
  "checksum": "42116e6448561a12"
}