{
  "scenario_id": 5,
  "name": "flat_terrain_05",
  "description": "\u5e73\u5766\u306a\u5730\u5f62\u3067\u306e\u30d9\u30fc\u30b9\u30e9\u30a4\u30f3\u8a55\u4fa1 \uff08\u969c\u5bb3\u7269\u5bc6\u5ea6: 0.05, \u6700\u5927\u52fe\u914d: 3.2\u5ea6, \u7c97\u3055: 0.08\uff09",
  "terrain_params": {
    "terrain_type": "flat_terrain",
    "size_x": 10.0,
    "size_y": 10.0,
    "size_z": 0.5,
    "obstacle_density": 0.04540691595678742,
    "max_slope": 3.2300900504016745,
    "roughness": 0.07636698644683637,
    "narrow_passage_width": 5.0,
    "difficulty": "easy"
  },
  "robot_params": {
    "max_slope_capability": 30.0,
    "width": 0.8,
    "height": 0.6,
    "safety_margin": 0.2
  },
  "start_position": [
    1.1175839630109687,
    1.895464183051766,
    0.0
  ],
  "goal_position": [
    9.377615645240912,
    9.191218775470258,
    0.0077344111620632865
  ],
  "expected_difficulty": "easy",
  "created_at": "2025-10-17T15:10:08.058264",
  "checksum": "32638d2f43f5f771"
}