{
  "scenario_id": 62,
  "name": "obstacle_field_02",
  "description": "\u9ad8\u5bc6\u5ea6\u969c\u5bb3\u7269\u74b0\u5883\u3067\u306e\u56de\u907f\u80fd\u529b\u8a55\u4fa1 \uff08\u969c\u5bb3\u7269\u5bc6\u5ea6: 0.42, \u6700\u5927\u52fe\u914d: 10.2\u5ea6, \u7c97\u3055: 0.34\uff09",
  "terrain_params": {
    "terrain_type": "obstacle_field",
    "size_x": 10.0,
    "size_y": 10.0,
    "size_z": 2.0,
    "obstacle_density": 0.4180214352636587,
    "max_slope": 10.208071949033409,
    "roughness": 0.34118760990458563,
    "narrow_passage_width": 2.5,
    "difficulty": "medium"
  },
  "robot_params": {
    "max_slope_capability": 30.0,
    "width": 0.8,
    "height": 0.6,
    "safety_margin": 0.2
  },
  "start_position": [
    1.2924309402937968,
    1.1052581117358562,
    0.0
  ],
  "goal_position": [
    8.8017724493141,
    9.319458791823184,
    0.2973685202517314
  ],
  "expected_difficulty": "medium",
  "created_at": "2025-10-17T15:10:08.060660",
  "checksum": "052cab7248a29e69"
}