{
  "scenario_id": 2,
  "name": "flat_terrain_02",
  "description": "\u5e73\u5766\u306a\u5730\u5f62\u3067\u306e\u30d9\u30fc\u30b9\u30e9\u30a4\u30f3\u8a55\u4fa1 \uff08\u969c\u5bb3\u7269\u5bc6\u5ea6: 0.07, \u6700\u5927\u52fe\u914d: 4.0\u5ea6, \u7c97\u3055: 0.01\uff09",
  "terrain_params": {
    "terrain_type": "flat_terrain",
    "size_x": 10.0,
    "size_y": 10.0,
    "size_z": 0.5,
    "obstacle_density": 0.07454723719944563,
    "max_slope": 4.0325212134163,
    "roughness": 0.007867102616380817,
    "narrow_passage_width": 5.0,
    "difficulty": "easy"
  },
  "robot_params": {
    "max_slope_capability": 30.0,
    "width": 0.8,
    "height": 0.6,
    "safety_margin": 0.2
  },
  "start_position": [
    1.2825595649012322,
    0.6244076501588164,
    0.0
  ],
  "goal_position": [
    9.379666424331473,
    8.30828916968305,
    0.10870433179592336
  ],
  "expected_difficulty": "easy",
  "created_at": "2025-10-17T15:10:08.058133",
  "checksum": "36ad1b18f48291a9"
}