{
  "scenario_id": 20,
  "name": "gentle_slope_10",
  "description": "\u7de9\u3084\u304b\u306a\u659c\u9762\u3067\u306e\u79fb\u52d5\u6027\u80fd\u8a55\u4fa1 \uff08\u969c\u5bb3\u7269\u5bc6\u5ea6: 0.13, \u6700\u5927\u52fe\u914d: 11.5\u5ea6, \u7c97\u3055: 0.30\uff09",
  "terrain_params": {
    "terrain_type": "gentle_slope",
    "size_x": 10.0,
    "size_y": 10.0,
    "size_z": 3.0,
    "obstacle_density": 0.1313144761846583,
    "max_slope": 11.497500280302768,
    "roughness": 0.2970791433374586,
    "narrow_passage_width": 4.0,
    "difficulty": "easy"
  },
  "robot_params": {
    "max_slope_capability": 30.0,
    "width": 0.8,
    "height": 0.6,
    "safety_margin": 0.2
  },
  "start_position": [
    0.9753446674531729,
    1.31091133787813,
    0.0
  ],
  "goal_position": [
    8.244619597325585,
    8.274907528719345,
    0.21135353062001383
  ],
  "expected_difficulty": "easy",
  "created_at": "2025-10-17T15:10:08.058884",
  "checksum": "1d38ccdb548ddd0b"
}