{
  "scenario_id": 29,
  "name": "steep_slope_04",
  "description": "\u6025\u659c\u9762\u3067\u306e\u767b\u5742\u80fd\u529b\u8a55\u4fa1 \uff08\u969c\u5bb3\u7269\u5bc6\u5ea6: 0.13, \u6700\u5927\u52fe\u914d: 33.5\u5ea6, \u7c97\u3055: 0.50\uff09",
  "terrain_params": {
    "terrain_type": "steep_slope",
    "size_x": 10.0,
    "size_y": 10.0,
    "size_z": 5.0,
    "obstacle_density": 0.1300215665819874,
    "max_slope": 33.54445819910266,
    "roughness": 0.4998757517783175,
    "narrow_passage_width": 3.0,
    "difficulty": "medium"
  },
  "robot_params": {
    "max_slope_capability": 30.0,
    "width": 0.8,
    "height": 0.6,
    "safety_margin": 0.2
  },
  "start_position": [
    0.6061585213835998,
    0.6790317853869131,
    0.0
  ],
  "goal_position": [
    9.043727023537059,
    8.50264838022628,
    1.0531302230960078
  ],
  "expected_difficulty": "medium",
  "created_at": "2025-10-17T15:10:08.059248",
  "checksum": "c9b7d48672e4fbd1"
}