{
  "scenario_id": 12,
  "name": "gentle_slope_02",
  "description": "\u7de9\u3084\u304b\u306a\u659c\u9762\u3067\u306e\u79fb\u52d5\u6027\u80fd\u8a55\u4fa1 \uff08\u969c\u5bb3\u7269\u5bc6\u5ea6: 0.05, \u6700\u5927\u52fe\u914d: 15.9\u5ea6, \u7c97\u3055: 0.22\uff09",
  "terrain_params": {
    "terrain_type": "gentle_slope",
    "size_x": 10.0,
    "size_y": 10.0,
    "size_z": 3.0,
    "obstacle_density": 0.05428850657626188,
    "max_slope": 15.870462053401718,
    "roughness": 0.2216691198740094,
    "narrow_passage_width": 4.0,
    "difficulty": "easy"
  },
  "robot_params": {
    "max_slope_capability": 30.0,
    "width": 0.8,
    "height": 0.6,
    "safety_margin": 0.2
  },
  "start_position": [
    1.064345010416534,
    0.6379909426150834,
    0.0
  ],
  "goal_position": [
    8.569516154264013,
    9.375130226833749,
    0.7624806763016438
  ],
  "expected_difficulty": "easy",
  "created_at": "2025-10-17T15:10:08.058554",
  "checksum": "7fe43d11d2ed1997"
}