{
  "scenario_id": 77,
  "name": "obstacle_field_17",
  "description": "\u9ad8\u5bc6\u5ea6\u969c\u5bb3\u7269\u74b0\u5883\u3067\u306e\u56de\u907f\u80fd\u529b\u8a55\u4fa1 \uff08\u969c\u5bb3\u7269\u5bc6\u5ea6: 0.50, \u6700\u5927\u52fe\u914d: 10.1\u5ea6, \u7c97\u3055: 0.31\uff09",
  "terrain_params": {
    "terrain_type": "obstacle_field",
    "size_x": 10.0,
    "size_y": 10.0,
    "size_z": 2.0,
    "obstacle_density": 0.4980406843520457,
    "max_slope": 10.145566548318918,
    "roughness": 0.30581843440100315,
    "narrow_passage_width": 2.5,
    "difficulty": "medium"
  },
  "robot_params": {
    "max_slope_capability": 30.0,
    "width": 0.8,
    "height": 0.6,
    "safety_margin": 0.2
  },
  "start_position": [
    1.7819314555417098,
    1.9243708382941662,
    0.0
  ],
  "goal_position": [
    8.462776284924896,
    8.112893156117007,
    0.582735970169366
  ],
  "expected_difficulty": "medium",
  "created_at": "2025-10-17T15:10:08.061296",
  "checksum": "131db6794e884699"
}