{
  "scenario_id": 91,
  "name": "complex_3d_01",
  "description": "\u8907\u96d1\u306a3D\u5730\u5f62\u3067\u306e\u7dcf\u5408\u6027\u80fd\u8a55\u4fa1 \uff08\u969c\u5bb3\u7269\u5bc6\u5ea6: 0.26, \u6700\u5927\u52fe\u914d: 30.3\u5ea6, \u7c97\u3055: 0.64\uff09",
  "terrain_params": {
    "terrain_type": "complex_3d",
    "size_x": 15.0,
    "size_y": 15.0,
    "size_z": 6.0,
    "obstacle_density": 0.26288250706705263,
    "max_slope": 30.26737602251891,
    "roughness": 0.6353573914911628,
    "narrow_passage_width": 2.1080684889229904,
    "difficulty": "hard"
  },
  "robot_params": {
    "max_slope_capability": 30.0,
    "width": 0.8,
    "height": 0.6,
    "safety_margin": 0.2
  },
  "start_position": [
    1.8706558957050736,
    0.9790108820758334,
    0.0
  ],
  "goal_position": [
    13.59606101185445,
    14.12247306237223,
    0.5623545275870093
  ],
  "expected_difficulty": "hard",
  "created_at": "2025-10-17T15:10:08.061905",
  "checksum": "0615dd8db2f43520"
}