{
  "scenario_id": 85,
  "name": "narrow_passage_05",
  "description": "\u72ed\u3044\u901a\u8def\u3067\u306e\u7cbe\u5bc6\u5236\u5fa1\u8a55\u4fa1 \uff08\u969c\u5bb3\u7269\u5bc6\u5ea6: 0.48, \u6700\u5927\u52fe\u914d: 6.8\u5ea6, \u7c97\u3055: 0.42\uff09",
  "terrain_params": {
    "terrain_type": "narrow_passage",
    "size_x": 10.0,
    "size_y": 10.0,
    "size_z": 2.0,
    "obstacle_density": 0.47954198021742617,
    "max_slope": 6.770766944482039,
    "roughness": 0.4245798000339236,
    "narrow_passage_width": 1.023075120078333,
    "difficulty": "hard"
  },
  "robot_params": {
    "max_slope_capability": 30.0,
    "width": 0.8,
    "height": 0.6,
    "safety_margin": 0.2
  },
  "start_position": [
    1.6363919071600668,
    1.87812834271881,
    0.0
  ],
  "goal_position": [
    8.209670187103933,
    8.545529176216878,
    0.06639375220055421
  ],
  "expected_difficulty": "hard",
  "created_at": "2025-10-17T15:10:08.061642",
  "checksum": "8276a2c825998bb2"
}