{
  "scenario_id": 96,
  "name": "complex_3d_06",
  "description": "\u8907\u96d1\u306a3D\u5730\u5f62\u3067\u306e\u7dcf\u5408\u6027\u80fd\u8a55\u4fa1 \uff08\u969c\u5bb3\u7269\u5bc6\u5ea6: 0.38, \u6700\u5927\u52fe\u914d: 27.2\u5ea6, \u7c97\u3055: 0.80\uff09",
  "terrain_params": {
    "terrain_type": "complex_3d",
    "size_x": 15.0,
    "size_y": 15.0,
    "size_z": 6.0,
    "obstacle_density": 0.37655795867062325,
    "max_slope": 27.194138292258632,
    "roughness": 0.7959211074151087,
    "narrow_passage_width": 2.8849724334279165,
    "difficulty": "hard"
  },
  "robot_params": {
    "max_slope_capability": 30.0,
    "width": 0.8,
    "height": 0.6,
    "safety_margin": 0.2
  },
  "start_position": [
    1.996493647907367,
    1.85667782489567,
    0.0
  ],
  "goal_position": [
    13.693892098660177,
    14.316300448778305,
    1.4585734218336108
  ],
  "expected_difficulty": "medium",
  "created_at": "2025-10-17T15:10:08.062124",
  "checksum": "b82b474593985d18"
}