{
  "scenario_id": 81,
  "name": "narrow_passage_01",
  "description": "\u72ed\u3044\u901a\u8def\u3067\u306e\u7cbe\u5bc6\u5236\u5fa1\u8a55\u4fa1 \uff08\u969c\u5bb3\u7269\u5bc6\u5ea6: 0.51, \u6700\u5927\u52fe\u914d: 11.7\u5ea6, \u7c97\u3055: 0.37\uff09",
  "terrain_params": {
    "terrain_type": "narrow_passage",
    "size_x": 10.0,
    "size_y": 10.0,
    "size_z": 2.0,
    "obstacle_density": 0.5085202809797215,
    "max_slope": 11.731004114433048,
    "roughness": 0.3741988184462551,
    "narrow_passage_width": 1.6933038194029042,
    "difficulty": "hard"
  },
  "robot_params": {
    "max_slope_capability": 30.0,
    "width": 0.8,
    "height": 0.6,
    "safety_margin": 0.2
  },
  "start_position": [
    1.6533644636977396,
    1.9281863579724927,
    0.0
  ],
  "goal_position": [
    8.296802970696481,
    8.08847061084664,
    0.34435713035299426
  ],
  "expected_difficulty": "hard",
  "created_at": "2025-10-17T15:10:08.061465",
  "checksum": "88a4dd8123862636"
}