{
  "scenario_id": 93,
  "name": "complex_3d_03",
  "description": "\u8907\u96d1\u306a3D\u5730\u5f62\u3067\u306e\u7dcf\u5408\u6027\u80fd\u8a55\u4fa1 \uff08\u969c\u5bb3\u7269\u5bc6\u5ea6: 0.36, \u6700\u5927\u52fe\u914d: 21.9\u5ea6, \u7c97\u3055: 0.57\uff09",
  "terrain_params": {
    "terrain_type": "complex_3d",
    "size_x": 15.0,
    "size_y": 15.0,
    "size_z": 6.0,
    "obstacle_density": 0.3600518629689623,
    "max_slope": 21.949372636307764,
    "roughness": 0.567146500674405,
    "narrow_passage_width": 2.2623061187951667,
    "difficulty": "hard"
  },
  "robot_params": {
    "max_slope_capability": 30.0,
    "width": 0.8,
    "height": 0.6,
    "safety_margin": 0.2
  },
  "start_position": [
    1.2098428593082944,
    0.6880294120715392,
    0.0
  ],
  "goal_position": [
    14.424310300765686,
    13.897148355118489,
    0.24902979785829576
  ],
  "expected_difficulty": "medium",
  "created_at": "2025-10-17T15:10:08.061991",
  "checksum": "b969d0c31409e03c"
}