{
  "scenario_id": 68,
  "name": "obstacle_field_08",
  "description": "\u9ad8\u5bc6\u5ea6\u969c\u5bb3\u7269\u74b0\u5883\u3067\u306e\u56de\u907f\u80fd\u529b\u8a55\u4fa1 \uff08\u969c\u5bb3\u7269\u5bc6\u5ea6: 0.38, \u6700\u5927\u52fe\u914d: 12.8\u5ea6, \u7c97\u3055: 0.37\uff09",
  "terrain_params": {
    "terrain_type": "obstacle_field",
    "size_x": 10.0,
    "size_y": 10.0,
    "size_z": 2.0,
    "obstacle_density": 0.3825086697754971,
    "max_slope": 12.84307208454026,
    "roughness": 0.36876949056663505,
    "narrow_passage_width": 2.5,
    "difficulty": "medium"
  },
  "robot_params": {
    "max_slope_capability": 30.0,
    "width": 0.8,
    "height": 0.6,
    "safety_margin": 0.2
  },
  "start_position": [
    1.3352522158764926,
    0.9259412926736852,
    0.0
  ],
  "goal_position": [
    8.786721693670637,
    8.939064965866471,
    0.3531342702931341
  ],
  "expected_difficulty": "medium",
  "created_at": "2025-10-17T15:10:08.060912",
  "checksum": "f08167d1485e8b26"
}