{
  "scenario_id": 25,
  "name": "steep_slope_00",
  "description": "\u6025\u659c\u9762\u3067\u306e\u767b\u5742\u80fd\u529b\u8a55\u4fa1 \uff08\u969c\u5bb3\u7269\u5bc6\u5ea6: 0.17, \u6700\u5927\u52fe\u914d: 34.6\u5ea6, \u7c97\u3055: 0.56\uff09",
  "terrain_params": {
    "terrain_type": "steep_slope",
    "size_x": 10.0,
    "size_y": 10.0,
    "size_z": 5.0,
    "obstacle_density": 0.16892840465602965,
    "max_slope": 34.62643663998786,
    "roughness": 0.5625421999382262,
    "narrow_passage_width": 3.0,
    "difficulty": "medium"
  },
  "robot_params": {
    "max_slope_capability": 30.0,
    "width": 0.8,
    "height": 0.6,
    "safety_margin": 0.2
  },
  "start_position": [
    0.6045087278021024,
    1.0865887953329134,
    0.0
  ],
  "goal_position": [
    8.941628515555216,
    9.49275495304383,
    0.9730033088329804
  ],
  "expected_difficulty": "medium",
  "created_at": "2025-10-17T15:10:08.059086",
  "checksum": "b97531b29b0b580c"
}