{
  "scenario_id": 31,
  "name": "steep_slope_06",
  "description": "\u6025\u659c\u9762\u3067\u306e\u767b\u5742\u80fd\u529b\u8a55\u4fa1 \uff08\u969c\u5bb3\u7269\u5bc6\u5ea6: 0.16, \u6700\u5927\u52fe\u914d: 25.9\u5ea6, \u7c97\u3055: 0.50\uff09",
  "terrain_params": {
    "terrain_type": "steep_slope",
    "size_x": 10.0,
    "size_y": 10.0,
    "size_z": 5.0,
    "obstacle_density": 0.15693258217710176,
    "max_slope": 25.897385247188794,
    "roughness": 0.5021007389288339,
    "narrow_passage_width": 3.0,
    "difficulty": "medium"
  },
  "robot_params": {
    "max_slope_capability": 30.0,
    "width": 0.8,
    "height": 0.6,
    "safety_margin": 0.2
  },
  "start_position": [
    0.6309801689278258,
    0.9594364392416836,
    0.0
  ],
  "goal_position": [
    9.408195831907149,
    8.049654827159827,
    0.7792434005451954
  ],
  "expected_difficulty": "easy",
  "created_at": "2025-10-17T15:10:08.059327",
  "checksum": "f26e69b3b9fd56db"
}