{
  "scenario_id": 70,
  "name": "obstacle_field_10",
  "description": "\u9ad8\u5bc6\u5ea6\u969c\u5bb3\u7269\u74b0\u5883\u3067\u306e\u56de\u907f\u80fd\u529b\u8a55\u4fa1 \uff08\u969c\u5bb3\u7269\u5bc6\u5ea6: 0.39, \u6700\u5927\u52fe\u914d: 9.4\u5ea6, \u7c97\u3055: 0.38\uff09",
  "terrain_params": {
    "terrain_type": "obstacle_field",
    "size_x": 10.0,
    "size_y": 10.0,
    "size_z": 2.0,
    "obstacle_density": 0.38908962088745785,
    "max_slope": 9.386542196145971,
    "roughness": 0.3759776403996822,
    "narrow_passage_width": 2.5,
    "difficulty": "medium"
  },
  "robot_params": {
    "max_slope_capability": 30.0,
    "width": 0.8,
    "height": 0.6,
    "safety_margin": 0.2
  },
  "start_position": [
    1.0634193479660436,
    1.5050984289093918,
    0.0
  ],
  "goal_position": [
    8.79495114446646,
    9.305199109960077,
    0.58865257034789
  ],
  "expected_difficulty": "medium",
  "created_at": "2025-10-17T15:10:08.060995",
  "checksum": "7d430a82d710baf4"
}