{
  "scenario_id": 14,
  "name": "gentle_slope_04",
  "description": "\u7de9\u3084\u304b\u306a\u659c\u9762\u3067\u306e\u79fb\u52d5\u6027\u80fd\u8a55\u4fa1 \uff08\u969c\u5bb3\u7269\u5bc6\u5ea6: 0.11, \u6700\u5927\u52fe\u914d: 11.5\u5ea6, \u7c97\u3055: 0.22\uff09",
  "terrain_params": {
    "terrain_type": "gentle_slope",
    "size_x": 10.0,
    "size_y": 10.0,
    "size_z": 3.0,
    "obstacle_density": 0.11377946201077105,
    "max_slope": 11.50856202757858,
    "roughness": 0.22393539993170541,
    "narrow_passage_width": 4.0,
    "difficulty": "easy"
  },
  "robot_params": {
    "max_slope_capability": 30.0,
    "width": 0.8,
    "height": 0.6,
    "safety_margin": 0.2
  },
  "start_position": [
    1.830227357912828,
    1.8113985288203878,
    0.0
  ],
  "goal_position": [
    9.226103526507762,
    8.855297039206626,
    0.5078898658719261
  ],
  "expected_difficulty": "easy",
  "created_at": "2025-10-17T15:10:08.058637",
  "checksum": "f809f11901a39abf"
}