{
  "scenario_id": 97,
  "name": "complex_3d_07",
  "description": "\u8907\u96d1\u306a3D\u5730\u5f62\u3067\u306e\u7dcf\u5408\u6027\u80fd\u8a55\u4fa1 \uff08\u969c\u5bb3\u7269\u5bc6\u5ea6: 0.35, \u6700\u5927\u52fe\u914d: 21.8\u5ea6, \u7c97\u3055: 0.59\uff09",
  "terrain_params": {
    "terrain_type": "complex_3d",
    "size_x": 15.0,
    "size_y": 15.0,
    "size_z": 6.0,
    "obstacle_density": 0.3506320621926439,
    "max_slope": 21.784007105243415,
    "roughness": 0.5910101882478325,
    "narrow_passage_width": 2.9146143734378467,
    "difficulty": "hard"
  },
  "robot_params": {
    "max_slope_capability": 30.0,
    "width": 0.8,
    "height": 0.6,
    "safety_margin": 0.2
  },
  "start_position": [
    1.5376967201320086,
    1.7216723470355029,
    0.0
  ],
  "goal_position": [
    14.173310565520282,
    13.99509664067795,
    1.584337306428741
  ],
  "expected_difficulty": "medium",
  "created_at": "2025-10-17T15:10:08.062168",
  "checksum": "4e1791c35ae4606b"
}