{
  "scenario_id": 60,
  "name": "obstacle_field_00",
  "description": "\u9ad8\u5bc6\u5ea6\u969c\u5bb3\u7269\u74b0\u5883\u3067\u306e\u56de\u907f\u80fd\u529b\u8a55\u4fa1 \uff08\u969c\u5bb3\u7269\u5bc6\u5ea6: 0.49, \u6700\u5927\u52fe\u914d: 9.6\u5ea6, \u7c97\u3055: 0.24\uff09",
  "terrain_params": {
    "terrain_type": "obstacle_field",
    "size_x": 10.0,
    "size_y": 10.0,
    "size_z": 2.0,
    "obstacle_density": 0.48889932057146135,
    "max_slope": 9.640981743044076,
    "roughness": 0.23855900579143152,
    "narrow_passage_width": 2.5,
    "difficulty": "medium"
  },
  "robot_params": {
    "max_slope_capability": 30.0,
    "width": 0.8,
    "height": 0.6,
    "safety_margin": 0.2
  },
  "start_position": [
    1.372842315319988,
    1.4301263152604407,
    0.0
  ],
  "goal_position": [
    8.47366397380524,
    9.344843667470002,
    0.4472854597706601
  ],
  "expected_difficulty": "medium",
  "created_at": "2025-10-17T15:10:08.060574",
  "checksum": "061c2e8fb879737d"
}