{
  "scenario_id": 84,
  "name": "narrow_passage_04",
  "description": "\u72ed\u3044\u901a\u8def\u3067\u306e\u7cbe\u5bc6\u5236\u5fa1\u8a55\u4fa1 \uff08\u969c\u5bb3\u7269\u5bc6\u5ea6: 0.52, \u6700\u5927\u52fe\u914d: 14.9\u5ea6, \u7c97\u3055: 0.45\uff09",
  "terrain_params": {
    "terrain_type": "narrow_passage",
    "size_x": 10.0,
    "size_y": 10.0,
    "size_z": 2.0,
    "obstacle_density": 0.5234158156143238,
    "max_slope": 14.863370712500297,
    "roughness": 0.4482211627624698,
    "narrow_passage_width": 1.9209102117173091,
    "difficulty": "hard"
  },
  "robot_params": {
    "max_slope_capability": 30.0,
    "width": 0.8,
    "height": 0.6,
    "safety_margin": 0.2
  },
  "start_position": [
    0.9197669374412722,
    0.802244552212146,
    0.0
  ],
  "goal_position": [
    8.750353624893021,
    8.941561755756553,
    0.5370908744983661
  ],
  "expected_difficulty": "hard",
  "created_at": "2025-10-17T15:10:08.061597",
  "checksum": "ef4a145200419b55"
}