{
  "scenario_id": 52,
  "name": "mixed_terrain_12",
  "description": "\u591a\u69d8\u306a\u5730\u5f62\u8981\u7d20\u304c\u6df7\u5728\u3059\u308b\u74b0\u5883\u3067\u306e\u9069\u5fdc\u6027\u8a55\u4fa1 \uff08\u969c\u5bb3\u7269\u5bc6\u5ea6: 0.30, \u6700\u5927\u52fe\u914d: 20.4\u5ea6, \u7c97\u3055: 0.45\uff09",
  "terrain_params": {
    "terrain_type": "mixed_terrain",
    "size_x": 12.0,
    "size_y": 12.0,
    "size_z": 4.0,
    "obstacle_density": 0.2956495333388077,
    "max_slope": 20.405260558992893,
    "roughness": 0.45129724834344076,
    "narrow_passage_width": 3.5,
    "difficulty": "medium"
  },
  "robot_params": {
    "max_slope_capability": 30.0,
    "width": 0.8,
    "height": 0.6,
    "safety_margin": 0.2
  },
  "start_position": [
    0.8791253768461429,
    1.0066590070140284,
    0.0
  ],
  "goal_position": [
    11.009871839839743,
    10.910915901341252,
    0.9609991727159019
  ],
  "expected_difficulty": "medium",
  "created_at": "2025-10-17T15:10:08.060249",
  "checksum": "26c328bb70e21b7d"
}