{
  "scenario_id": 94,
  "name": "complex_3d_04",
  "description": "\u8907\u96d1\u306a3D\u5730\u5f62\u3067\u306e\u7dcf\u5408\u6027\u80fd\u8a55\u4fa1 \uff08\u969c\u5bb3\u7269\u5bc6\u5ea6: 0.25, \u6700\u5927\u52fe\u914d: 34.8\u5ea6, \u7c97\u3055: 0.59\uff09",
  "terrain_params": {
    "terrain_type": "complex_3d",
    "size_x": 15.0,
    "size_y": 15.0,
    "size_z": 6.0,
    "obstacle_density": 0.2503549471631905,
    "max_slope": 34.813006303802496,
    "roughness": 0.588004886433279,
    "narrow_passage_width": 2.1235689369271302,
    "difficulty": "hard"
  },
  "robot_params": {
    "max_slope_capability": 30.0,
    "width": 0.8,
    "height": 0.6,
    "safety_margin": 0.2
  },
  "start_position": [
    0.5334149080279169,
    0.9326373901463516,
    0.0
  ],
  "goal_position": [
    14.052389112496288,
    13.565622266322988,
    1.1275713080278866
  ],
  "expected_difficulty": "hard",
  "created_at": "2025-10-17T15:10:08.062036",
  "checksum": "ec4b9a8cacd262ae"
}