{
  "scenario_id": 72,
  "name": "obstacle_field_12",
  "description": "\u9ad8\u5bc6\u5ea6\u969c\u5bb3\u7269\u74b0\u5883\u3067\u306e\u56de\u907f\u80fd\u529b\u8a55\u4fa1 \uff08\u969c\u5bb3\u7269\u5bc6\u5ea6: 0.44, \u6700\u5927\u52fe\u914d: 8.2\u5ea6, \u7c97\u3055: 0.35\uff09",
  "terrain_params": {
    "terrain_type": "obstacle_field",
    "size_x": 10.0,
    "size_y": 10.0,
    "size_z": 2.0,
    "obstacle_density": 0.44359494008333433,
    "max_slope": 8.245726427667943,
    "roughness": 0.35024889093695105,
    "narrow_passage_width": 2.5,
    "difficulty": "medium"
  },
  "robot_params": {
    "max_slope_capability": 30.0,
    "width": 0.8,
    "height": 0.6,
    "safety_margin": 0.2
  },
  "start_position": [
    0.5683680885522346,
    1.8278055541504072,
    0.0
  ],
  "goal_position": [
    8.820700445872866,
    8.866674233995958,
    0.29562099041795215
  ],
  "expected_difficulty": "medium",
  "created_at": "2025-10-17T15:10:08.061084",
  "checksum": "2ec927d6756b02ac"
}