{
  "scenario_id": 38,
  "name": "steep_slope_13",
  "description": "\u6025\u659c\u9762\u3067\u306e\u767b\u5742\u80fd\u529b\u8a55\u4fa1 \uff08\u969c\u5bb3\u7269\u5bc6\u5ea6: 0.18, \u6700\u5927\u52fe\u914d: 25.1\u5ea6, \u7c97\u3055: 0.49\uff09",
  "terrain_params": {
    "terrain_type": "steep_slope",
    "size_x": 10.0,
    "size_y": 10.0,
    "size_z": 5.0,
    "obstacle_density": 0.18197775136309535,
    "max_slope": 25.12332766874279,
    "roughness": 0.486413258092689,
    "narrow_passage_width": 3.0,
    "difficulty": "medium"
  },
  "robot_params": {
    "max_slope_capability": 30.0,
    "width": 0.8,
    "height": 0.6,
    "safety_margin": 0.2
  },
  "start_position": [
    1.9743223937119274,
    1.6936691877812735,
    0.0
  ],
  "goal_position": [
    8.100035810455386,
    8.220197707747165,
    0.7156426395341537
  ],
  "expected_difficulty": "easy",
  "created_at": "2025-10-17T15:10:08.059665",
  "checksum": "a8c79d6aa8ba4ca1"
}