{
  "scenario_id": 67,
  "name": "obstacle_field_07",
  "description": "\u9ad8\u5bc6\u5ea6\u969c\u5bb3\u7269\u74b0\u5883\u3067\u306e\u56de\u907f\u80fd\u529b\u8a55\u4fa1 \uff08\u969c\u5bb3\u7269\u5bc6\u5ea6: 0.38, \u6700\u5927\u52fe\u914d: 13.5\u5ea6, \u7c97\u3055: 0.29\uff09",
  "terrain_params": {
    "terrain_type": "obstacle_field",
    "size_x": 10.0,
    "size_y": 10.0,
    "size_z": 2.0,
    "obstacle_density": 0.38094570493368757,
    "max_slope": 13.45261374600535,
    "roughness": 0.2872584049996441,
    "narrow_passage_width": 2.5,
    "difficulty": "medium"
  },
  "robot_params": {
    "max_slope_capability": 30.0,
    "width": 0.8,
    "height": 0.6,
    "safety_margin": 0.2
  },
  "start_position": [
    1.0478454532131114,
    1.2744289501965977,
    0.0
  ],
  "goal_position": [
    8.43352438063461,
    8.166805625562148,
    0.14070217378685415
  ],
  "expected_difficulty": "medium",
  "created_at": "2025-10-17T15:10:08.060872",
  "checksum": "ae769a199539e93e"
}