{
  "scenario_id": 82,
  "name": "narrow_passage_02",
  "description": "\u72ed\u3044\u901a\u8def\u3067\u306e\u7cbe\u5bc6\u5236\u5fa1\u8a55\u4fa1 \uff08\u969c\u5bb3\u7269\u5bc6\u5ea6: 0.57, \u6700\u5927\u52fe\u914d: 16.2\u5ea6, \u7c97\u3055: 0.44\uff09",
  "terrain_params": {
    "terrain_type": "narrow_passage",
    "size_x": 10.0,
    "size_y": 10.0,
    "size_z": 2.0,
    "obstacle_density": 0.5733385979923227,
    "max_slope": 16.206420525907557,
    "roughness": 0.43765967803079475,
    "narrow_passage_width": 1.0394745121515536,
    "difficulty": "hard"
  },
  "robot_params": {
    "max_slope_capability": 30.0,
    "width": 0.8,
    "height": 0.6,
    "safety_margin": 0.2
  },
  "start_position": [
    1.7146725872904112,
    0.6573812308085591,
    0.0
  ],
  "goal_position": [
    9.171148322063626,
    9.07079556537868,
    0.39058276259524766
  ],
  "expected_difficulty": "hard",
  "created_at": "2025-10-17T15:10:08.061508",
  "checksum": "8cd8ec9ffde1efb7"
}