{
  "scenario_id": 34,
  "name": "steep_slope_09",
  "description": "\u6025\u659c\u9762\u3067\u306e\u767b\u5742\u80fd\u529b\u8a55\u4fa1 \uff08\u969c\u5bb3\u7269\u5bc6\u5ea6: 0.13, \u6700\u5927\u52fe\u914d: 31.6\u5ea6, \u7c97\u3055: 0.55\uff09",
  "terrain_params": {
    "terrain_type": "steep_slope",
    "size_x": 10.0,
    "size_y": 10.0,
    "size_z": 5.0,
    "obstacle_density": 0.134216215788883,
    "max_slope": 31.580276395594467,
    "roughness": 0.5487016540672928,
    "narrow_passage_width": 3.0,
    "difficulty": "medium"
  },
  "robot_params": {
    "max_slope_capability": 30.0,
    "width": 0.8,
    "height": 0.6,
    "safety_margin": 0.2
  },
  "start_position": [
    1.039082170194579,
    1.7091704253394826,
    0.0
  ],
  "goal_position": [
    8.984706584266384,
    8.1229811164904,
    0.22352847142169213
  ],
  "expected_difficulty": "medium",
  "created_at": "2025-10-17T15:10:08.059447",
  "checksum": "feadad221d06f5b1"
}