{
  "scenario_id": 80,
  "name": "narrow_passage_00",
  "description": "\u72ed\u3044\u901a\u8def\u3067\u306e\u7cbe\u5bc6\u5236\u5fa1\u8a55\u4fa1 \uff08\u969c\u5bb3\u7269\u5bc6\u5ea6: 0.53, \u6700\u5927\u52fe\u914d: 18.3\u5ea6, \u7c97\u3055: 0.42\uff09",
  "terrain_params": {
    "terrain_type": "narrow_passage",
    "size_x": 10.0,
    "size_y": 10.0,
    "size_z": 2.0,
    "obstacle_density": 0.5315492356840328,
    "max_slope": 18.267146403548423,
    "roughness": 0.4177821687001948,
    "narrow_passage_width": 1.8197586296964618,
    "difficulty": "hard"
  },
  "robot_params": {
    "max_slope_capability": 30.0,
    "width": 0.8,
    "height": 0.6,
    "safety_margin": 0.2
  },
  "start_position": [
    0.8408057845595256,
    0.7366138895168548,
    0.0
  ],
  "goal_position": [
    8.582697099414077,
    8.521389669440818,
    0.36193414733623386
  ],
  "expected_difficulty": "hard",
  "created_at": "2025-10-17T15:10:08.061421",
  "checksum": "8e129435fc1b7f4a"
}