{
  "scenario_id": 27,
  "name": "steep_slope_02",
  "description": "\u6025\u659c\u9762\u3067\u306e\u767b\u5742\u80fd\u529b\u8a55\u4fa1 \uff08\u969c\u5bb3\u7269\u5bc6\u5ea6: 0.10, \u6700\u5927\u52fe\u914d: 33.2\u5ea6, \u7c97\u3055: 0.57\uff09",
  "terrain_params": {
    "terrain_type": "steep_slope",
    "size_x": 10.0,
    "size_y": 10.0,
    "size_z": 5.0,
    "obstacle_density": 0.10239290683317728,
    "max_slope": 33.179796306091035,
    "roughness": 0.565219660922674,
    "narrow_passage_width": 3.0,
    "difficulty": "medium"
  },
  "robot_params": {
    "max_slope_capability": 30.0,
    "width": 0.8,
    "height": 0.6,
    "safety_margin": 0.2
  },
  "start_position": [
    1.493774036984418,
    0.8174501943427745,
    0.0
  ],
  "goal_position": [
    9.171024374992056,
    8.786421301131494,
    1.126368891639301
  ],
  "expected_difficulty": "medium",
  "created_at": "2025-10-17T15:10:08.059167",
  "checksum": "c80a9567b5e20401"
}