{
  "scenario_id": 76,
  "name": "obstacle_field_16",
  "description": "\u9ad8\u5bc6\u5ea6\u969c\u5bb3\u7269\u74b0\u5883\u3067\u306e\u56de\u907f\u80fd\u529b\u8a55\u4fa1 \uff08\u969c\u5bb3\u7269\u5bc6\u5ea6: 0.35, \u6700\u5927\u52fe\u914d: 8.9\u5ea6, \u7c97\u3055: 0.37\uff09",
  "terrain_params": {
    "terrain_type": "obstacle_field",
    "size_x": 10.0,
    "size_y": 10.0,
    "size_z": 2.0,
    "obstacle_density": 0.3501348092774893,
    "max_slope": 8.879557606319018,
    "roughness": 0.3733113355171543,
    "narrow_passage_width": 2.5,
    "difficulty": "medium"
  },
  "robot_params": {
    "max_slope_capability": 30.0,
    "width": 0.8,
    "height": 0.6,
    "safety_margin": 0.2
  },
  "start_position": [
    1.5151992671462846,
    1.1651891840900963,
    0.0
  ],
  "goal_position": [
    9.184242745219608,
    8.049354349501321,
    0.4072749197435366
  ],
  "expected_difficulty": "medium",
  "created_at": "2025-10-17T15:10:08.061255",
  "checksum": "b3adeca05b6ab808"
}