{
  "scenario_id": 30,
  "name": "steep_slope_05",
  "description": "\u6025\u659c\u9762\u3067\u306e\u767b\u5742\u80fd\u529b\u8a55\u4fa1 \uff08\u969c\u5bb3\u7269\u5bc6\u5ea6: 0.11, \u6700\u5927\u52fe\u914d: 32.3\u5ea6, \u7c97\u3055: 0.41\uff09",
  "terrain_params": {
    "terrain_type": "steep_slope",
    "size_x": 10.0,
    "size_y": 10.0,
    "size_z": 5.0,
    "obstacle_density": 0.10819603550618412,
    "max_slope": 32.31065462063143,
    "roughness": 0.41390827183281387,
    "narrow_passage_width": 3.0,
    "difficulty": "medium"
  },
  "robot_params": {
    "max_slope_capability": 30.0,
    "width": 0.8,
    "height": 0.6,
    "safety_margin": 0.2
  },
  "start_position": [
    1.055962390664031,
    1.7596542254784509,
    0.0
  ],
  "goal_position": [
    9.019611531428346,
    8.828991229149851,
    0.765268531406532
  ],
  "expected_difficulty": "medium",
  "created_at": "2025-10-17T15:10:08.059288",
  "checksum": "7e9441a1894b9bc0"
}