{
  "scenario_id": 61,
  "name": "obstacle_field_01",
  "description": "\u9ad8\u5bc6\u5ea6\u969c\u5bb3\u7269\u74b0\u5883\u3067\u306e\u56de\u907f\u80fd\u529b\u8a55\u4fa1 \uff08\u969c\u5bb3\u7269\u5bc6\u5ea6: 0.42, \u6700\u5927\u52fe\u914d: 12.5\u5ea6, \u7c97\u3055: 0.23\uff09",
  "terrain_params": {
    "terrain_type": "obstacle_field",
    "size_x": 10.0,
    "size_y": 10.0,
    "size_z": 2.0,
    "obstacle_density": 0.419283003552813,
    "max_slope": 12.458701072598133,
    "roughness": 0.23222151612463662,
    "narrow_passage_width": 2.5,
    "difficulty": "medium"
  },
  "robot_params": {
    "max_slope_capability": 30.0,
    "width": 0.8,
    "height": 0.6,
    "safety_margin": 0.2
  },
  "start_position": [
    1.7667621891604115,
    1.537100894106997,
    0.0
  ],
  "goal_position": [
    9.11009298866945,
    8.6703048971342,
    0.3006162488672913
  ],
  "expected_difficulty": "medium",
  "created_at": "2025-10-17T15:10:08.060617",
  "checksum": "3b946e7a26db3865"
}