{
  "scenario_id": 32,
  "name": "steep_slope_07",
  "description": "\u6025\u659c\u9762\u3067\u306e\u767b\u5742\u80fd\u529b\u8a55\u4fa1 \uff08\u969c\u5bb3\u7269\u5bc6\u5ea6: 0.14, \u6700\u5927\u52fe\u914d: 32.5\u5ea6, \u7c97\u3055: 0.51\uff09",
  "terrain_params": {
    "terrain_type": "steep_slope",
    "size_x": 10.0,
    "size_y": 10.0,
    "size_z": 5.0,
    "obstacle_density": 0.14479860633546648,
    "max_slope": 32.51285570099098,
    "roughness": 0.5093695730346688,
    "narrow_passage_width": 3.0,
    "difficulty": "medium"
  },
  "robot_params": {
    "max_slope_capability": 30.0,
    "width": 0.8,
    "height": 0.6,
    "safety_margin": 0.2
  },
  "start_position": [
    0.8538537119185352,
    1.4445287092347183,
    0.0
  ],
  "goal_position": [
    8.776591561457954,
    9.242832401460655,
    0.44781072746373696
  ],
  "expected_difficulty": "medium",
  "created_at": "2025-10-17T15:10:08.059365",
  "checksum": "eaaf8d4ce4895330"
}