{
  "scenario_id": 87,
  "name": "narrow_passage_07",
  "description": "\u72ed\u3044\u901a\u8def\u3067\u306e\u7cbe\u5bc6\u5236\u5fa1\u8a55\u4fa1 \uff08\u969c\u5bb3\u7269\u5bc6\u5ea6: 0.57, \u6700\u5927\u52fe\u914d: 17.3\u5ea6, \u7c97\u3055: 0.50\uff09",
  "terrain_params": {
    "terrain_type": "narrow_passage",
    "size_x": 10.0,
    "size_y": 10.0,
    "size_z": 2.0,
    "obstacle_density": 0.5698907967705326,
    "max_slope": 17.341035400959306,
    "roughness": 0.49851874245652916,
    "narrow_passage_width": 1.4844342805293866,
    "difficulty": "hard"
  },
  "robot_params": {
    "max_slope_capability": 30.0,
    "width": 0.8,
    "height": 0.6,
    "safety_margin": 0.2
  },
  "start_position": [
    1.871690758257832,
    0.9191939833536683,
    0.0
  ],
  "goal_position": [
    9.231073056714612,
    9.251561627198782,
    0.003319289390127422
  ],
  "expected_difficulty": "hard",
  "created_at": "2025-10-17T15:10:08.061726",
  "checksum": "34b94cc9acb0f07a"
}