{
  "scenario_id": 19,
  "terrain_name": "Extreme Hazards",
  "terrain_type": "Extreme Terrain",
  "map_size": 50.0,
  "start": [
    12.80130391069303,
    12.861526336094485,
    4.2
  ],
  "goal": [
    5.075095047632114,
    -8.7859839678775,
    -1.8
  ],
  "distance": 22.984973477387662,
  "max_slope": 35.0
}