{
  "scenario_id": 4,
  "terrain_name": "Extreme Hazards",
  "terrain_type": "Extreme Terrain",
  "map_size": 50.0,
  "start": [
    -3.141607551496403,
    20.24137170262923,
    -1.8
  ],
  "goal": [
    14.611871423729461,
    -7.53885029443866,
    4.2
  ],
  "distance": 32.96857215485926,
  "max_slope": 35.0
}