{
  "scenario_id": 18,
  "terrain_name": "Extreme Hazards",
  "terrain_type": "Extreme Terrain",
  "map_size": 50.0,
  "start": [
    -17.903756545607497,
    -8.618546297715817,
    4.2
  ],
  "goal": [
    -1.9789600177337725,
    7.311243230405058,
    -1.8
  ],
  "distance": 22.524594088782344,
  "max_slope": 35.0
}