{
  "scenario_id": 5,
  "terrain_name": "Extreme Hazards",
  "terrain_type": "Extreme Terrain",
  "map_size": 50.0,
  "start": [
    13.60047538977122,
    -22.298271322668406,
    4.2
  ],
  "goal": [
    4.546795338710673,
    4.775008795971264,
    -1.8
  ],
  "distance": 28.547007178499495,
  "max_slope": 35.0
}