{
  "scenario_id": 11,
  "terrain_name": "Extreme Hazards",
  "terrain_type": "Extreme Terrain",
  "map_size": 50.0,
  "start": [
    -5.692387102321302,
    4.269048444890785,
    -1.0
  ],
  "goal": [
    5.977326277024879,
    -16.44038553547096,
    -1.4000000000000001
  ],
  "distance": 23.771051010484435,
  "max_slope": 35.0
}