{
  "scenario_id": 7,
  "terrain_name": "Extreme Hazards",
  "terrain_type": "Extreme Terrain",
  "map_size": 50.0,
  "start": [
    22.122359422566326,
    -20.242668514370287,
    4.2
  ],
  "goal": [
    17.965113457511187,
    3.5374689724015127,
    4.2
  ],
  "distance": 24.14078774405957,
  "max_slope": 35.0
}