{
  "scenario_id": 15,
  "terrain_name": "Extreme Hazards",
  "terrain_type": "Extreme Terrain",
  "map_size": 50.0,
  "start": [
    0.4001490889569226,
    -18.930832041867024,
    -1.8
  ],
  "goal": [
    1.2896202726301809,
    22.6392696794843,
    -1.8
  ],
  "distance": 41.57961659407265,
  "max_slope": 35.0
}