{
  "scenario_id": 12,
  "terrain_name": "Extreme Hazards",
  "terrain_type": "Extreme Terrain",
  "map_size": 50.0,
  "start": [
    19.956699775455277,
    20.533474517218657,
    4.2
  ],
  "goal": [
    4.705646255619818,
    -5.162751104974987,
    -1.8
  ],
  "distance": 29.88127582101485,
  "max_slope": 35.0
}