{
  "scenario_id": 9,
  "terrain_name": "Extreme Hazards",
  "terrain_type": "Extreme Terrain",
  "map_size": 50.0,
  "start": [
    -13.338777427048413,
    2.055504396217785,
    4.2
  ],
  "goal": [
    12.379297870859972,
    -11.468019459633787,
    4.2
  ],
  "distance": 29.056928511263404,
  "max_slope": 35.0
}