{
  "scenario_id": 16,
  "terrain_name": "Extreme Hazards",
  "terrain_type": "Extreme Terrain",
  "map_size": 50.0,
  "start": [
    -4.828347139121437,
    -7.562563680945859,
    -1.8
  ],
  "goal": [
    14.05072471714687,
    11.700053750788264,
    4.2
  ],
  "distance": 26.97161071340548,
  "max_slope": 35.0
}