{
  "scenario_id": 8,
  "terrain_name": "Extreme Hazards",
  "terrain_type": "Extreme Terrain",
  "map_size": 50.0,
  "start": [
    11.154065698506955,
    5.988461077867299,
    4.2
  ],
  "goal": [
    3.764740850343781,
    -22.059799926761535,
    -1.8
  ],
  "distance": 29.005293777092902,
  "max_slope": 35.0
}