planner,completed,success,success_rate,avg_time,avg_path
TA*,134,112,0.835820895522388,156.90670996265752,43.910714285714285
Theta*,144,144,1.0,4.0096924470530615,12.07638888888889
RRT*,144,144,1.0,0.6085946328110166,86.02436651627562
D*Lite,144,144,1.0,0.017135029037793476,80.40854071440792
HPA*,144,144,1.0,0.8488703469435374,79.35385476948989
SAFETY,140,140,1.0,0.8543325764792306,78.66551061821075
