{
  "summary": {
    "TA*": {
      "total": 90,
      "success": 57,
      "success_rate": 0.6333333333333333,
      "avg_time_s": 31.24711423450046,
      "avg_time_success_s": 12.649221575051023
    },
    "Theta*": {
      "total": 90,
      "success": 90,
      "success_rate": 1.0,
      "avg_time_s": 14.135192118750679,
      "avg_time_success_s": 14.135192118750679
    },
    "RRT*": {
      "total": 90,
      "success": 90,
      "success_rate": 1.0,
      "avg_time_s": 4.483229329850938,
      "avg_time_success_s": 4.483229329850938
    },
    "D*Lite": {
      "total": 90,
      "success": 90,
      "success_rate": 1.0,
      "avg_time_s": 0.03692857954237196,
      "avg_time_success_s": 0.03692857954237196
    },
    "HPA*": {
      "total": 90,
      "success": 90,
      "success_rate": 1.0,
      "avg_time_s": 6.679982733726502,
      "avg_time_success_s": 6.679982733726502
    },
    "SAFETY": {
      "total": 90,
      "success": 90,
      "success_rate": 1.0,
      "avg_time_s": 5.4322118785646225,
      "avg_time_success_s": 5.4322118785646225
    },
    "FieldD*Hybrid": {
      "total": 90,
      "success": 90,
      "success_rate": 1.0,
      "avg_time_s": 1.2118304782443576,
      "avg_time_success_s": 1.2118304782443576
    },
    "MPAA*": {
      "total": 90,
      "success": 59,
      "success_rate": 0.6555555555555556,
      "avg_time_s": 17.73755187458462,
      "avg_time_success_s": 10.517728946976742
    }
  },
  "fastest_by_scenario": {
    "dataset3_1_1_2": {
      "planner": "D*Lite",
      "time_s": 0.01584172248840332,
      "path_length_m": 108.23759005323582
    },
    "dataset3_1_1_7": {
      "planner": "D*Lite",
      "time_s": 0.01885700225830078,
      "path_length_m": 111.45584412271572
    },
    "dataset3_1_2_7": {
      "planner": "D*Lite",
      "time_s": 0.007561922073364258,
      "path_length_m": 53.740115370177584
    },
    "dataset3_1_1_6": {
      "planner": "D*Lite",
      "time_s": 0.016935348510742188,
      "path_length_m": 111.40916292848964
    },
    "dataset3_1_2_5": {
      "planner": "D*Lite",
      "time_s": 0.009805679321289062,
      "path_length_m": 55.65685424949238
    },
    "dataset3_1_2_2": {
      "planner": "D*Lite",
      "time_s": 0.00906062126159668,
      "path_length_m": 53.55634918610405
    },
    "dataset3_1_2_9": {
      "planner": "D*Lite",
      "time_s": 0.015880584716796875,
      "path_length_m": 96.42640687119285
    },
    "dataset3_1_2_10": {
      "planner": "D*Lite",
      "time_s": 0.01943230628967285,
      "path_length_m": 118.62741699796953
    },
    "dataset3_1_3_3": {
      "planner": "D*Lite",
      "time_s": 0.0198974609375,
      "path_length_m": 115.25483399593904
    },
    "dataset3_1_2_4": {
      "planner": "D*Lite",
      "time_s": 0.021306991577148438,
      "path_length_m": 119.48528137423857
    },
    "dataset3_1_2_3": {
      "planner": "D*Lite",
      "time_s": 0.016505718231201172,
      "path_length_m": 96.97056274847715
    },
    "dataset3_1_2_1": {
      "planner": "D*Lite",
      "time_s": 0.015361547470092773,
      "path_length_m": 94.87005768508882
    },
    "dataset3_1_3_8": {
      "planner": "D*Lite",
      "time_s": 0.008545398712158203,
      "path_length_m": 51.72792206135786
    },
    "dataset3_1_3_9": {
      "planner": "D*Lite",
      "time_s": 0.018611669540405273,
      "path_length_m": 79.65685424949238
    },
    "dataset3_1_3_10": {
      "planner": "D*Lite",
      "time_s": 0.03558778762817383,
      "path_length_m": 109.81118318204304
    },
    "dataset3_1_3_6": {
      "planner": "D*Lite",
      "time_s": 0.021700143814086914,
      "path_length_m": 96.45584412271572
    },
    "dataset3_1_1_10": {
      "planner": "D*Lite",
      "time_s": 0.01994776725769043,
      "path_length_m": 127.95331880577397
    },
    "dataset3_1_3_4": {
      "planner": "D*Lite",
      "time_s": 0.017961978912353516,
      "path_length_m": 117.0954544295049
    },
    "dataset3_1_3_1": {
      "planner": "D*Lite",
      "time_s": 0.010562896728515625,
      "path_length_m": 58.071067811865476
    },
    "dataset3_2_1_3": {
      "planner": "D*Lite",
      "time_s": 0.03479194641113281,
      "path_length_m": 185.72792206135784
    },
    "dataset3_1_3_7": {
      "planner": "D*Lite",
      "time_s": 0.0328369140625,
      "path_length_m": 92.4974746830583
    },
    "dataset3_2_1_1": {
      "planner": "D*Lite",
      "time_s": 0.034575462341308594,
      "path_length_m": 210.35028842544392
    },
    "dataset3_1_3_2": {
      "planner": "D*Lite",
      "time_s": 0.010268688201904297,
      "path_length_m": 73.88225099390851
    },
    "dataset3_1_1_5": {
      "planner": "D*Lite",
      "time_s": 0.01844334602355957,
      "path_length_m": 120.63961030678922
    },
    "dataset3_1_2_6": {
      "planner": "D*Lite",
      "time_s": 0.01899862289428711,
      "path_length_m": 116.84062043356593
    },
    "dataset3_1_2_8": {
      "planner": "D*Lite",
      "time_s": 0.018361330032348633,
      "path_length_m": 120.7106781186547
    },
    "dataset3_2_1_8": {
      "planner": "D*Lite",
      "time_s": 0.05227351188659668,
      "path_length_m": 177.9482681718909
    },
    "dataset3_2_1_9": {
      "planner": "D*Lite",
      "time_s": 0.029555320739746094,
      "path_length_m": 197.39191898578673
    },
    "dataset3_2_1_10": {
      "planner": "D*Lite",
      "time_s": 0.03150367736816406,
      "path_length_m": 192.7350647362943
    },
    "dataset3_1_1_4": {
      "planner": "D*Lite",
      "time_s": 0.018571138381958008,
      "path_length_m": 116.99494936611654
    },
    "dataset3_1_1_8": {
      "planner": "D*Lite",
      "time_s": 0.019625425338745117,
      "path_length_m": 128.2670273047587
    },
    "dataset3_1_3_5": {
      "planner": "D*Lite",
      "time_s": 0.014861822128295898,
      "path_length_m": 96.7106781186547
    },
    "dataset3_1_1_1": {
      "planner": "D*Lite",
      "time_s": 0.022266864776611328,
      "path_length_m": 124.98275605729685
    },
    "dataset3_2_2_1": {
      "planner": "D*Lite",
      "time_s": 0.04805874824523926,
      "path_length_m": 191.26197667087575
    },
    "dataset3_2_2_7": {
      "planner": "D*Lite",
      "time_s": 0.028934478759765625,
      "path_length_m": 196.1198410471447
    },
    "dataset3_1_1_3": {
      "planner": "D*Lite",
      "time_s": 0.0186307430267334,
      "path_length_m": 117.99494936611654
    },
    "dataset3_1_1_9": {
      "planner": "D*Lite",
      "time_s": 0.01620650291442871,
      "path_length_m": 114.16652224137036
    },
    "dataset3_2_2_5": {
      "planner": "D*Lite",
      "time_s": 0.03339385986328125,
      "path_length_m": 187.31370849898477
    },
    "dataset3_2_3_2": {
      "planner": "D*Lite",
      "time_s": 0.033200979232788086,
      "path_length_m": 118.42640687119285
    },
    "dataset3_2_2_8": {
      "planner": "D*Lite",
      "time_s": 0.04204058647155762,
      "path_length_m": 197.1198410471447
    },
    "dataset3_2_3_6": {
      "planner": "D*Lite",
      "time_s": 0.016111135482788086,
      "path_length_m": 105.85281374238562
    },
    "dataset3_2_3_7": {
      "planner": "D*Lite",
      "time_s": 0.02206563949584961,
      "path_length_m": 119.87005768508882
    },
    "dataset3_2_1_2": {
      "planner": "D*Lite",
      "time_s": 0.05360007286071777,
      "path_length_m": 193.7401153701776
    },
    "dataset3_2_3_3": {
      "planner": "D*Lite",
      "time_s": 0.02353382110595703,
      "path_length_m": 85.72792206135786
    },
    "dataset3_2_3_8": {
      "planner": "D*Lite",
      "time_s": 0.022002696990966797,
      "path_length_m": 143.16652224137036
    },
    "dataset3_2_1_4": {
      "planner": "D*Lite",
      "time_s": 0.035780906677246094,
      "path_length_m": 197.79898987322332
    },
    "dataset3_2_3_10": {
      "planner": "D*Lite",
      "time_s": 0.052773237228393555,
      "path_length_m": 167.87005768508882
    },
    "dataset3_2_1_5": {
      "planner": "D*Lite",