{
  "success_count": 90,
  "total_count": 90,
  "avg_time_success_s": 1.2118304782443576,
  "avg_path_success_m": 173.52156579765492,
  "improvement_vs_dslite_count": 90,
  "improvement_stats_pct": {
    "mean": 4.676665008331878,
    "median": 4.953475188190854,
    "min": -5.288732492408508e-14,
    "max": 7.611957651038841
  },
  "improvements_sample_pct": [
    7.570800497064307,
    1.2989450339591324,
    4.0383886525041826,
    3.8885499039066596,
    7.5880427888797435,
    2.6412353660377885,
    6.67283671528404,
    5.302230451495174,
    3.968555372533354,
    7.379031733140989,
    6.230505101365201,
    6.134190685150985,
    4.32219283021265,
    1.9513166884012865,
    2.7110924379679786,
    -5.288732492408508e-14,
    7.1197270344643,
    7.379031733140996,
    7.497940265408523,
    3.1828183879295433
  ]
}