{
  "count": 90,
  "mean_pct_shorter": 4.676665008331878,
  "median_pct_shorter": 4.953475188190854
}