{
  "size_correlation": {
    "D*Lite": 0.10156535221673188,
    "HPA*": 0.10156535221673188,
    "RRT*": 0.10156535221673188,
    "SAFETY": 0.10156535221673188,
    "TA*": 0.10156535221673188,
    "Theta*": 0.10156535221673188
  }
}