{
  "scenario_id": 9,
  "terrain_name": "Complex Obstacles",
  "terrain_type": "Obstacle Field",
  "map_size": 50.0,
  "start": [
    -13.338777427048413,
    2.055504396217785,
    0.2
  ],
  "goal": [
    12.379297870859972,
    -11.468019459633787,
    0.2
  ],
  "distance": 29.056928511263404,
  "max_slope": 20.0
}