{
  "scenario_id": 7,
  "terrain_name": "Complex Obstacles",
  "terrain_type": "Obstacle Field",
  "map_size": 50.0,
  "start": [
    22.122359422566326,
    -20.242668514370287,
    0.2
  ],
  "goal": [
    17.965113457511187,
    3.5374689724015127,
    0.2
  ],
  "distance": 24.14078774405957,
  "max_slope": 20.0
}