{
  "scenario_id": 5,
  "terrain_name": "Complex Obstacles",
  "terrain_type": "Obstacle Field",
  "map_size": 50.0,
  "start": [
    13.60047538977122,
    -22.298271322668406,
    0.2
  ],
  "goal": [
    4.546795338710673,
    4.775008795971264,
    0.9698863233786006
  ],
  "distance": 28.547007178499495,
  "max_slope": 20.0
}