{
  "scenario_id": 11,
  "terrain_name": "Complex Obstacles",
  "terrain_type": "Obstacle Field",
  "map_size": 50.0,
  "start": [
    -5.692387102321302,
    4.269048444890785,
    -0.4155778812569764
  ],
  "goal": [
    5.977326277024879,
    -16.44038553547096,
    0.2
  ],
  "distance": 23.771051010484435,
  "max_slope": 20.0
}