{
  "wt": [
    0.0,
    0.2,
    0.4,
    0.6000000000000001,
    0.8,
    1.0,
    1.2000000000000002,
    1.4000000000000001,
    1.6,
    1.8,
    2.0
  ],
  "path_length": [
    22.6,
    23.5,
    24.4,
    25.3,
    26.2,
    27.1,
    28.7,
    30.4,
    32.0,
    33.6,
    35.2
  ],
  "terrain_cost_avg": [
    3.26,
    3.0,
    2.74,
    2.47,
    2.21,
    1.95,
    1.91,
    1.87,
    1.83,
    1.79,
    1.76
  ],
  "computation_time": [
    0.02,
    1.84,
    3.65,
    5.47,
    7.28,
    9.1,
    12.74,
    16.38,
    20.02,
    23.66,
    27.3
  ],
  "nodes_explored": [
    81,
    11632,
    23184,
    34736,
    46288,
    57840,
    75192,
    92544,
    109896,
    127248,
    144600
  ]
}