{
  "scenario_id": 22,
  "name": "gentle_slope_12",
  "description": "\u7de9\u3084\u304b\u306a\u659c\u9762\u3067\u306e\u79fb\u52d5\u6027\u80fd\u8a55\u4fa1 \uff08\u969c\u5bb3\u7269\u5bc6\u5ea6: 0.14, \u6700\u5927\u52fe\u914d: 20.0\u5ea6, \u7c97\u3055: 0.24\uff09",
  "terrain_params": {
    "terrain_type": "gentle_slope",
    "size_x": 10.0,
    "size_y": 10.0,
    "size_z": 3.0,
    "obstacle_density": 0.14328815060208064,
    "max_slope": 19.971421877863683,
    "roughness": 0.24265135016833117,
    "narrow_passage_width": 4.0,
    "difficulty": "easy"
  },
  "robot_params": {
    "max_slope_capability": 30.0,
    "width": 0.8,
    "height": 0.6,
    "safety_margin": 0.2
  },
  "start_position": [
    -4.379758661021635,
    -3.8529077756160905,
    0.0
  ],
  "goal_position": [
    3.456503832292375,
    2.863746706062049,
    1.979268337343303
  ],
  "expected_difficulty": "easy",
  "created_at": "2025-10-17T19:37:20.317393",
  "checksum": "7c5bc20988fcc10b"
}