{
  "scenario_id": 46,
  "name": "mixed_terrain_06",
  "description": "\u591a\u69d8\u306a\u5730\u5f62\u8981\u7d20\u304c\u6df7\u5728\u3059\u308b\u74b0\u5883\u3067\u306e\u9069\u5fdc\u6027\u8a55\u4fa1 \uff08\u969c\u5bb3\u7269\u5bc6\u5ea6: 0.16, \u6700\u5927\u52fe\u914d: 18.8\u5ea6, \u7c97\u3055: 0.59\uff09",
  "terrain_params": {
    "terrain_type": "mixed_terrain",
    "size_x": 12.0,
    "size_y": 12.0,
    "size_z": 4.0,
    "obstacle_density": 0.1551860541195577,
    "max_slope": 18.782470921328326,
    "roughness": 0.5938171069795797,
    "narrow_passage_width": 3.5,
    "difficulty": "medium"
  },
  "robot_params": {
    "max_slope_capability": 30.0,
    "width": 0.8,
    "height": 0.6,
    "safety_margin": 0.2
  },
  "start_position": [
    -3.738006489440078,
    -3.6924944602664245,
    0.0
  ],
  "goal_position": [
    2.3619427247046207,
    4.455640326744727,
    2.27615824028121
  ],
  "expected_difficulty": "easy",
  "created_at": "2025-10-17T19:37:20.318345",
  "checksum": "2ef495b9fd9a866c"
}