{
  "scenario_id": 35,
  "name": "steep_slope_10",
  "description": "\u6025\u659c\u9762\u3067\u306e\u767b\u5742\u80fd\u529b\u8a55\u4fa1 \uff08\u969c\u5bb3\u7269\u5bc6\u5ea6: 0.17, \u6700\u5927\u52fe\u914d: 30.4\u5ea6, \u7c97\u3055: 0.48\uff09",
  "terrain_params": {
    "terrain_type": "steep_slope",
    "size_x": 10.0,
    "size_y": 10.0,
    "size_z": 5.0,
    "obstacle_density": 0.1657152231482475,
    "max_slope": 30.435571823867352,
    "roughness": 0.4807918795488936,
    "narrow_passage_width": 3.0,
    "difficulty": "medium"
  },
  "robot_params": {
    "max_slope_capability": 30.0,
    "width": 0.8,
    "height": 0.6,
    "safety_margin": 0.2
  },
  "start_position": [
    -2.3902164184443038,
    -3.317274998657659,
    0.0
  ],
  "goal_position": [
    2.6884866279779835,
    3.440699264503979,
    2.1621171506564414
  ],
  "expected_difficulty": "medium",
  "created_at": "2025-10-17T19:37:20.317883",
  "checksum": "68d4f71d728365d3"
}