{
  "scenario_id": 15,
  "name": "gentle_slope_05",
  "description": "\u7de9\u3084\u304b\u306a\u659c\u9762\u3067\u306e\u79fb\u52d5\u6027\u80fd\u8a55\u4fa1 \uff08\u969c\u5bb3\u7269\u5bc6\u5ea6: 0.10, \u6700\u5927\u52fe\u914d: 16.1\u5ea6, \u7c97\u3055: 0.30\uff09",
  "terrain_params": {
    "terrain_type": "gentle_slope",
    "size_x": 10.0,
    "size_y": 10.0,
    "size_z": 3.0,
    "obstacle_density": 0.09555385334812147,
    "max_slope": 16.147193825702217,
    "roughness": 0.2967166440624605,
    "narrow_passage_width": 4.0,
    "difficulty": "easy"
  },
  "robot_params": {
    "max_slope_capability": 30.0,
    "width": 0.8,
    "height": 0.6,
    "safety_margin": 0.2
  },
  "start_position": [
    -3.5760615612441047,
    -2.6656927859623183,
    0.0
  ],
  "goal_position": [
    2.4840427231680597,
    3.4946102853945,
    2.2436062305742994
  ],
  "expected_difficulty": "easy",
  "created_at": "2025-10-17T19:37:20.317131",
  "checksum": "f800bb8cedba8221"
}