{
  "scenario_id": 30,
  "name": "steep_slope_05",
  "description": "\u6025\u659c\u9762\u3067\u306e\u767b\u5742\u80fd\u529b\u8a55\u4fa1 \uff08\u969c\u5bb3\u7269\u5bc6\u5ea6: 0.14, \u6700\u5927\u52fe\u914d: 25.4\u5ea6, \u7c97\u3055: 0.44\uff09",
  "terrain_params": {
    "terrain_type": "steep_slope",
    "size_x": 10.0,
    "size_y": 10.0,
    "size_z": 5.0,
    "obstacle_density": 0.14432953186468442,
    "max_slope": 25.416165828775103,
    "roughness": 0.44348996045976646,
    "narrow_passage_width": 3.0,
    "difficulty": "medium"
  },
  "robot_params": {
    "max_slope_capability": 30.0,
    "width": 0.8,
    "height": 0.6,
    "safety_margin": 0.2
  },
  "start_position": [
    -2.4024004437765374,
    -3.3037989828881784,
    0.0
  ],
  "goal_position": [
    4.193045456586198,
    3.1157365498797165,
    1.2011572481586572
  ],
  "expected_difficulty": "easy",
  "created_at": "2025-10-17T19:37:20.317693",
  "checksum": "3d2a005c0d6fa198"
}