{
  "scenario_id": 95,
  "name": "complex_3d_05",
  "description": "\u8907\u96d1\u306a3D\u5730\u5f62\u3067\u306e\u7dcf\u5408\u6027\u80fd\u8a55\u4fa1 \uff08\u969c\u5bb3\u7269\u5bc6\u5ea6: 0.33, \u6700\u5927\u52fe\u914d: 26.9\u5ea6, \u7c97\u3055: 0.74\uff09",
  "terrain_params": {
    "terrain_type": "complex_3d",
    "size_x": 15.0,
    "size_y": 15.0,
    "size_z": 6.0,
    "obstacle_density": 0.3325475965512315,
    "max_slope": 26.903225876410023,
    "roughness": 0.7411751557962964,
    "narrow_passage_width": 2.236581609164821,
    "difficulty": "hard"
  },
  "robot_params": {
    "max_slope_capability": 30.0,
    "width": 0.8,
    "height": 0.6,
    "safety_margin": 0.2
  },
  "start_position": [
    -2.3848300656821317,
    -2.5823343682125923,
    0.0
  ],
  "goal_position": [
    3.9018361933893138,
    4.304776510865384,
    1.7020755180651048
  ],
  "expected_difficulty": "medium",
  "created_at": "2025-10-17T19:37:20.320066",
  "checksum": "f2efbc879059006c"
}