{
  "scenario_id": 90,
  "name": "complex_3d_00",
  "description": "\u8907\u96d1\u306a3D\u5730\u5f62\u3067\u306e\u7dcf\u5408\u6027\u80fd\u8a55\u4fa1 \uff08\u969c\u5bb3\u7269\u5bc6\u5ea6: 0.36, \u6700\u5927\u52fe\u914d: 30.4\u5ea6, \u7c97\u3055: 0.62\uff09",
  "terrain_params": {
    "terrain_type": "complex_3d",
    "size_x": 15.0,
    "size_y": 15.0,
    "size_z": 6.0,
    "obstacle_density": 0.361676640046188,
    "max_slope": 30.431216937506132,
    "roughness": 0.6243877962315785,
    "narrow_passage_width": 2.394872994604529,
    "difficulty": "hard"
  },
  "robot_params": {
    "max_slope_capability": 30.0,
    "width": 0.8,
    "height": 0.6,
    "safety_margin": 0.2
  },
  "start_position": [
    -4.437957398178659,
    -4.143259987080865,
    0.0
  ],
  "goal_position": [
    2.277768087895382,
    2.714633450781341,
    1.1270247869890182
  ],
  "expected_difficulty": "hard",
  "created_at": "2025-10-17T19:37:20.319883",
  "checksum": "1d920adb2f0bfe5d"
}