{
  "scenario_id": 97,
  "name": "complex_3d_07",
  "description": "\u8907\u96d1\u306a3D\u5730\u5f62\u3067\u306e\u7dcf\u5408\u6027\u80fd\u8a55\u4fa1 \uff08\u969c\u5bb3\u7269\u5bc6\u5ea6: 0.39, \u6700\u5927\u52fe\u914d: 23.0\u5ea6, \u7c97\u3055: 0.64\uff09",
  "terrain_params": {
    "terrain_type": "complex_3d",
    "size_x": 15.0,
    "size_y": 15.0,
    "size_z": 6.0,
    "obstacle_density": 0.3895005604577263,
    "max_slope": 23.03704476823461,
    "roughness": 0.6392065931552793,
    "narrow_passage_width": 2.950225035226073,
    "difficulty": "hard"
  },
  "robot_params": {
    "max_slope_capability": 30.0,
    "width": 0.8,
    "height": 0.6,
    "safety_margin": 0.2
  },
  "start_position": [
    -2.8288930509564354,
    -3.920985502953915,
    0.0
  ],
  "goal_position": [
    3.246271244392521,
    4.246037899805723,
    1.6868080541673716
  ],
  "expected_difficulty": "medium",
  "created_at": "2025-10-17T19:37:20.320134",
  "checksum": "70dc02ee92173155"
}