{
  "scenario_id": 12,
  "name": "gentle_slope_02",
  "description": "\u7de9\u3084\u304b\u306a\u659c\u9762\u3067\u306e\u79fb\u52d5\u6027\u80fd\u8a55\u4fa1 \uff08\u969c\u5bb3\u7269\u5bc6\u5ea6: 0.11, \u6700\u5927\u52fe\u914d: 13.9\u5ea6, \u7c97\u3055: 0.24\uff09",
  "terrain_params": {
    "terrain_type": "gentle_slope",
    "size_x": 10.0,
    "size_y": 10.0,
    "size_z": 3.0,
    "obstacle_density": 0.10933080379328841,
    "max_slope": 13.947969032538705,
    "roughness": 0.23982552561549136,
    "narrow_passage_width": 4.0,
    "difficulty": "easy"
  },
  "robot_params": {
    "max_slope_capability": 30.0,
    "width": 0.8,
    "height": 0.6,
    "safety_margin": 0.2
  },
  "start_position": [
    -2.6547767377049505,
    -2.5359457305381348,
    0.0
  ],
  "goal_position": [
    3.808373059428038,
    3.3637812214985296,
    1.965856261385531
  ],
  "expected_difficulty": "easy",
  "created_at": "2025-10-17T19:37:20.317023",
  "checksum": "735a42f5fa33e187"
}