{
  "scenario_id": 29,
  "name": "steep_slope_04",
  "description": "\u6025\u659c\u9762\u3067\u306e\u767b\u5742\u80fd\u529b\u8a55\u4fa1 \uff08\u969c\u5bb3\u7269\u5bc6\u5ea6: 0.11, \u6700\u5927\u52fe\u914d: 34.6\u5ea6, \u7c97\u3055: 0.45\uff09",
  "terrain_params": {
    "terrain_type": "steep_slope",
    "size_x": 10.0,
    "size_y": 10.0,
    "size_z": 5.0,
    "obstacle_density": 0.10809142061265609,
    "max_slope": 34.562651224873676,
    "roughness": 0.4461035156396569,
    "narrow_passage_width": 3.0,
    "difficulty": "medium"
  },
  "robot_params": {
    "max_slope_capability": 30.0,
    "width": 0.8,
    "height": 0.6,
    "safety_margin": 0.2
  },
  "start_position": [
    -2.149754125721677,
    -3.684872741312309,
    0.0
  ],
  "goal_position": [
    3.261481266994698,
    2.7013127807147366,
    2.4288845562698644
  ],
  "expected_difficulty": "medium",
  "created_at": "2025-10-17T19:37:20.317655",
  "checksum": "421a7c30a1bf2b40"
}