{
  "scenario_id": 33,
  "name": "steep_slope_08",
  "description": "\u6025\u659c\u9762\u3067\u306e\u767b\u5742\u80fd\u529b\u8a55\u4fa1 \uff08\u969c\u5bb3\u7269\u5bc6\u5ea6: 0.19, \u6700\u5927\u52fe\u914d: 29.0\u5ea6, \u7c97\u3055: 0.48\uff09",
  "terrain_params": {
    "terrain_type": "steep_slope",
    "size_x": 10.0,
    "size_y": 10.0,
    "size_z": 5.0,
    "obstacle_density": 0.19292132356819064,
    "max_slope": 28.953793196468148,
    "roughness": 0.47523681650103744,
    "narrow_passage_width": 3.0,
    "difficulty": "medium"
  },
  "robot_params": {
    "max_slope_capability": 30.0,
    "width": 0.8,
    "height": 0.6,
    "safety_margin": 0.2
  },
  "start_position": [
    -2.748548501727355,
    -3.6490069374088514,
    0.0
  ],
  "goal_position": [
    2.328156326197492,
    3.550278592216075,
    0.6527950074908493
  ],
  "expected_difficulty": "easy",
  "created_at": "2025-10-17T19:37:20.317809",
  "checksum": "010d10e688f27373"
}