{
  "scenario_id": 68,
  "name": "obstacle_field_08",
  "description": "\u9ad8\u5bc6\u5ea6\u969c\u5bb3\u7269\u74b0\u5883\u3067\u306e\u56de\u907f\u80fd\u529b\u8a55\u4fa1 \uff08\u969c\u5bb3\u7269\u5bc6\u5ea6: 0.39, \u6700\u5927\u52fe\u914d: 14.6\u5ea6, \u7c97\u3055: 0.34\uff09",
  "terrain_params": {
    "terrain_type": "obstacle_field",
    "size_x": 10.0,
    "size_y": 10.0,
    "size_z": 2.0,
    "obstacle_density": 0.3909263082634151,
    "max_slope": 14.613803033514046,
    "roughness": 0.33830637374213735,
    "narrow_passage_width": 2.5,
    "difficulty": "medium"
  },
  "robot_params": {
    "max_slope_capability": 30.0,
    "width": 0.8,
    "height": 0.6,
    "safety_margin": 0.2
  },
  "start_position": [
    -3.633078793241914,
    -2.253386298045531,
    0.0
  ],
  "goal_position": [
    2.157328495815467,
    4.395924035682743,
    1.4267377356268842
  ],
  "expected_difficulty": "medium",
  "created_at": "2025-10-17T19:37:20.319120",
  "checksum": "353bcd40b94f6d8f"
}