{
  "scenario_id": 48,
  "name": "mixed_terrain_08",
  "description": "\u591a\u69d8\u306a\u5730\u5f62\u8981\u7d20\u304c\u6df7\u5728\u3059\u308b\u74b0\u5883\u3067\u306e\u9069\u5fdc\u6027\u8a55\u4fa1 \uff08\u969c\u5bb3\u7269\u5bc6\u5ea6: 0.17, \u6700\u5927\u52fe\u914d: 25.9\u5ea6, \u7c97\u3055: 0.59\uff09",
  "terrain_params": {
    "terrain_type": "mixed_terrain",
    "size_x": 12.0,
    "size_y": 12.0,
    "size_z": 4.0,
    "obstacle_density": 0.17146189747439466,
    "max_slope": 25.922130188230682,
    "roughness": 0.5870834893931167,
    "narrow_passage_width": 3.5,
    "difficulty": "medium"
  },
  "robot_params": {
    "max_slope_capability": 30.0,
    "width": 0.8,
    "height": 0.6,
    "safety_margin": 0.2
  },
  "start_position": [
    -3.772689066283135,
    -2.4355753917609286,
    0.0
  ],
  "goal_position": [
    2.630016318928353,
    2.4746655299243057,
    0.1863859603315704
  ],
  "expected_difficulty": "easy",
  "created_at": "2025-10-17T19:37:20.318418",
  "checksum": "4095baa7e88dd152"
}