{
  "scenario_id": 32,
  "name": "steep_slope_07",
  "description": "\u6025\u659c\u9762\u3067\u306e\u767b\u5742\u80fd\u529b\u8a55\u4fa1 \uff08\u969c\u5bb3\u7269\u5bc6\u5ea6: 0.16, \u6700\u5927\u52fe\u914d: 29.1\u5ea6, \u7c97\u3055: 0.47\uff09",
  "terrain_params": {
    "terrain_type": "steep_slope",
    "size_x": 10.0,
    "size_y": 10.0,
    "size_z": 5.0,
    "obstacle_density": 0.1563494084339396,
    "max_slope": 29.098506855294232,
    "roughness": 0.4720414574195029,
    "narrow_passage_width": 3.0,
    "difficulty": "medium"
  },
  "robot_params": {
    "max_slope_capability": 30.0,
    "width": 0.8,
    "height": 0.6,
    "safety_margin": 0.2
  },
  "start_position": [
    -3.925660763974805,
    -2.6752052107437834,
    0.0
  ],
  "goal_position": [
    2.769940224146577,
    3.9080679319290206,
    0.3004580075274488
  ],
  "expected_difficulty": "easy",
  "created_at": "2025-10-17T19:37:20.317771",
  "checksum": "b5f3a6852cbbfb6a"
}