{
  "scenario_id": 27,
  "name": "steep_slope_02",
  "description": "\u6025\u659c\u9762\u3067\u306e\u767b\u5742\u80fd\u529b\u8a55\u4fa1 \uff08\u969c\u5bb3\u7269\u5bc6\u5ea6: 0.17, \u6700\u5927\u52fe\u914d: 34.6\u5ea6, \u7c97\u3055: 0.45\uff09",
  "terrain_params": {
    "terrain_type": "steep_slope",
    "size_x": 10.0,
    "size_y": 10.0,
    "size_z": 5.0,
    "obstacle_density": 0.1675448239826724,
    "max_slope": 34.563481553648046,
    "roughness": 0.45351527525378316,
    "narrow_passage_width": 3.0,
    "difficulty": "medium"
  },
  "robot_params": {
    "max_slope_capability": 30.0,
    "width": 0.8,
    "height": 0.6,
    "safety_margin": 0.2
  },
  "start_position": [
    -3.000470765036361,
    -2.9204482725513623,
    0.0
  ],
  "goal_position": [
    2.6096723871887786,
    3.753030352443616,
    2.1013109794155507
  ],
  "expected_difficulty": "medium",
  "created_at": "2025-10-17T19:37:20.317580",
  "checksum": "cbd7a7966e2c1782"
}