{
  "scenario_id": 64,
  "name": "obstacle_field_04",
  "description": "\u9ad8\u5bc6\u5ea6\u969c\u5bb3\u7269\u74b0\u5883\u3067\u306e\u56de\u907f\u80fd\u529b\u8a55\u4fa1 \uff08\u969c\u5bb3\u7269\u5bc6\u5ea6: 0.34, \u6700\u5927\u52fe\u914d: 9.3\u5ea6, \u7c97\u3055: 0.32\uff09",
  "terrain_params": {
    "terrain_type": "obstacle_field",
    "size_x": 10.0,
    "size_y": 10.0,
    "size_z": 2.0,
    "obstacle_density": 0.33504828932857006,
    "max_slope": 9.32672131915088,
    "roughness": 0.3178438604482171,
    "narrow_passage_width": 2.5,
    "difficulty": "medium"
  },
  "robot_params": {
    "max_slope_capability": 30.0,
    "width": 0.8,
    "height": 0.6,
    "safety_margin": 0.2
  },
  "start_position": [
    -2.677026710189055,
    -3.810305971571788,
    0.0
  ],
  "goal_position": [
    3.584729277147164,
    4.08070059329253,
    0.019379587465599146
  ],
  "expected_difficulty": "medium",
  "created_at": "2025-10-17T19:37:20.318986",
  "checksum": "18924fd93896a901"
}