{
  "scenario_id": 86,
  "name": "narrow_passage_06",
  "description": "\u72ed\u3044\u901a\u8def\u3067\u306e\u7cbe\u5bc6\u5236\u5fa1\u8a55\u4fa1 \uff08\u969c\u5bb3\u7269\u5bc6\u5ea6: 0.58, \u6700\u5927\u52fe\u914d: 11.7\u5ea6, \u7c97\u3055: 0.50\uff09",
  "terrain_params": {
    "terrain_type": "narrow_passage",
    "size_x": 10.0,
    "size_y": 10.0,
    "size_z": 2.0,
    "obstacle_density": 0.5764067104266266,
    "max_slope": 11.655811214429216,
    "roughness": 0.4975083903503989,
    "narrow_passage_width": 1.0743651330281159,
    "difficulty": "hard"
  },
  "robot_params": {
    "max_slope_capability": 30.0,
    "width": 0.8,
    "height": 0.6,
    "safety_margin": 0.2
  },
  "start_position": [
    -2.306716172670796,
    -3.7361338417543566,
    0.0
  ],
  "goal_position": [
    4.254174371120304,
    3.6106805120081855,
    0.15488473132275
  ],
  "expected_difficulty": "hard",
  "created_at": "2025-10-17T19:37:20.319742",
  "checksum": "0b3b5cd787868402"
}