{
  "scenario_id": 6,
  "name": "flat_terrain_06",
  "description": "\u5e73\u5766\u306a\u5730\u5f62\u3067\u306e\u30d9\u30fc\u30b9\u30e9\u30a4\u30f3\u8a55\u4fa1 \uff08\u969c\u5bb3\u7269\u5bc6\u5ea6: 0.08, \u6700\u5927\u52fe\u914d: 1.2\u5ea6, \u7c97\u3055: 0.16\uff09",
  "terrain_params": {
    "terrain_type": "flat_terrain",
    "size_x": 10.0,
    "size_y": 10.0,
    "size_z": 0.5,
    "obstacle_density": 0.07621095713242107,
    "max_slope": 1.2114551609762518,
    "roughness": 0.1617808386488605,
    "narrow_passage_width": 5.0,
    "difficulty": "easy"
  },
  "robot_params": {
    "max_slope_capability": 30.0,
    "width": 0.8,
    "height": 0.6,
    "safety_margin": 0.2
  },
  "start_position": [
    -3.742079202481924,
    -3.904615583682933,
    0.0
  ],
  "goal_position": [
    4.300851820492941,
    2.7238622174440255,
    0.5687732037166227
  ],
  "expected_difficulty": "easy",
  "created_at": "2025-10-17T19:37:20.316797",
  "checksum": "043c78f6e442e321"
}