{
  "scenario_id": 3,
  "name": "flat_terrain_03",
  "description": "\u5e73\u5766\u306a\u5730\u5f62\u3067\u306e\u30d9\u30fc\u30b9\u30e9\u30a4\u30f3\u8a55\u4fa1 \uff08\u969c\u5bb3\u7269\u5bc6\u5ea6: 0.05, \u6700\u5927\u52fe\u914d: 3.3\u5ea6, \u7c97\u3055: 0.11\uff09",
  "terrain_params": {
    "terrain_type": "flat_terrain",
    "size_x": 10.0,
    "size_y": 10.0,
    "size_z": 0.5,
    "obstacle_density": 0.046837295239950276,
    "max_slope": 3.267967542239864,
    "roughness": 0.11167480030569228,
    "narrow_passage_width": 5.0,
    "difficulty": "easy"
  },
  "robot_params": {
    "max_slope_capability": 30.0,
    "width": 0.8,
    "height": 0.6,
    "safety_margin": 0.2
  },
  "start_position": [
    -3.7333554493295367,
    -2.648069095975317,
    0.0
  ],
  "goal_position": [
    3.914979064880351,
    2.6910895913762194,
    2.141689487332527
  ],
  "expected_difficulty": "easy",
  "created_at": "2025-10-17T19:37:20.316674",
  "checksum": "9e4de8ebd01fdbf3"
}