{
  "scenario_id": 34,
  "name": "steep_slope_09",
  "description": "\u6025\u659c\u9762\u3067\u306e\u767b\u5742\u80fd\u529b\u8a55\u4fa1 \uff08\u969c\u5bb3\u7269\u5bc6\u5ea6: 0.13, \u6700\u5927\u52fe\u914d: 32.3\u5ea6, \u7c97\u3055: 0.56\uff09",
  "terrain_params": {
    "terrain_type": "steep_slope",
    "size_x": 10.0,
    "size_y": 10.0,
    "size_z": 5.0,
    "obstacle_density": 0.12618972555738808,
    "max_slope": 32.26666835092685,
    "roughness": 0.5570996081435027,
    "narrow_passage_width": 3.0,
    "difficulty": "medium"
  },
  "robot_params": {
    "max_slope_capability": 30.0,
    "width": 0.8,
    "height": 0.6,
    "safety_margin": 0.2
  },
  "start_position": [
    -4.417567056326666,
    -4.367848868449894,
    0.0
  ],
  "goal_position": [
    4.062810088019605,
    4.154820622372693,
    0.047927881119521065
  ],
  "expected_difficulty": "medium",
  "created_at": "2025-10-17T19:37:20.317846",
  "checksum": "d1834cf41a2b5d27"
}