{
  "scenario_id": 14,
  "name": "gentle_slope_04",
  "description": "\u7de9\u3084\u304b\u306a\u659c\u9762\u3067\u306e\u79fb\u52d5\u6027\u80fd\u8a55\u4fa1 \uff08\u969c\u5bb3\u7269\u5bc6\u5ea6: 0.14, \u6700\u5927\u52fe\u914d: 13.2\u5ea6, \u7c97\u3055: 0.22\uff09",
  "terrain_params": {
    "terrain_type": "gentle_slope",
    "size_x": 10.0,
    "size_y": 10.0,
    "size_z": 3.0,
    "obstacle_density": 0.14217883593785227,
    "max_slope": 13.20865919716239,
    "roughness": 0.2235399116277612,
    "narrow_passage_width": 4.0,
    "difficulty": "easy"
  },
  "robot_params": {
    "max_slope_capability": 30.0,
    "width": 0.8,
    "height": 0.6,
    "safety_margin": 0.2
  },
  "start_position": [
    -3.072632113289453,
    -4.274267409959294,
    0.0
  ],
  "goal_position": [
    4.37475702434411,
    3.789412608334544,
    1.4036025265934657
  ],
  "expected_difficulty": "easy",
  "created_at": "2025-10-17T19:37:20.317095",
  "checksum": "890ecdf9ab71d18d"
}