{
  "scenario_id": 16,
  "name": "gentle_slope_06",
  "description": "\u7de9\u3084\u304b\u306a\u659c\u9762\u3067\u306e\u79fb\u52d5\u6027\u80fd\u8a55\u4fa1 \uff08\u969c\u5bb3\u7269\u5bc6\u5ea6: 0.11, \u6700\u5927\u52fe\u914d: 18.8\u5ea6, \u7c97\u3055: 0.26\uff09",
  "terrain_params": {
    "terrain_type": "gentle_slope",
    "size_x": 10.0,
    "size_y": 10.0,
    "size_z": 3.0,
    "obstacle_density": 0.10634907857345291,
    "max_slope": 18.796150367479285,
    "roughness": 0.25724648936617023,
    "narrow_passage_width": 4.0,
    "difficulty": "easy"
  },
  "robot_params": {
    "max_slope_capability": 30.0,
    "width": 0.8,
    "height": 0.6,
    "safety_margin": 0.2
  },
  "start_position": [
    -4.04381780035213,
    -3.8340347782255284,
    0.0
  ],
  "goal_position": [
    4.2632725064168095,
    2.4407693703503175,
    0.6520352937131874
  ],
  "expected_difficulty": "easy",
  "created_at": "2025-10-17T19:37:20.317169",
  "checksum": "cb0e0a9a0c6a02fa"
}