{
  "scenario_id": 21,
  "name": "gentle_slope_11",
  "description": "\u7de9\u3084\u304b\u306a\u659c\u9762\u3067\u306e\u79fb\u52d5\u6027\u80fd\u8a55\u4fa1 \uff08\u969c\u5bb3\u7269\u5bc6\u5ea6: 0.12, \u6700\u5927\u52fe\u914d: 11.1\u5ea6, \u7c97\u3055: 0.35\uff09",
  "terrain_params": {
    "terrain_type": "gentle_slope",
    "size_x": 10.0,
    "size_y": 10.0,
    "size_z": 3.0,
    "obstacle_density": 0.12046234158104033,
    "max_slope": 11.126762707294233,
    "roughness": 0.35315740380340166,
    "narrow_passage_width": 4.0,
    "difficulty": "easy"
  },
  "robot_params": {
    "max_slope_capability": 30.0,
    "width": 0.8,
    "height": 0.6,
    "safety_margin": 0.2
  },
  "start_position": [
    -2.353123891976904,
    -2.432183623018717,
    0.0
  ],
  "goal_position": [
    4.334382138560789,
    3.022660250987598,
    2.0747941773612686
  ],
  "expected_difficulty": "easy",
  "created_at": "2025-10-17T19:37:20.317356",
  "checksum": "2308ee40f0f25b4b"
}