{
  "scenario_id": 81,
  "name": "narrow_passage_01",
  "description": "\u72ed\u3044\u901a\u8def\u3067\u306e\u7cbe\u5bc6\u5236\u5fa1\u8a55\u4fa1 \uff08\u969c\u5bb3\u7269\u5bc6\u5ea6: 0.58, \u6700\u5927\u52fe\u914d: 10.3\u5ea6, \u7c97\u3055: 0.47\uff09",
  "terrain_params": {
    "terrain_type": "narrow_passage",
    "size_x": 10.0,
    "size_y": 10.0,
    "size_z": 2.0,
    "obstacle_density": 0.5846898595644455,
    "max_slope": 10.280205520748623,
    "roughness": 0.47204427900348583,
    "narrow_passage_width": 1.860434847219386,
    "difficulty": "hard"
  },
  "robot_params": {
    "max_slope_capability": 30.0,
    "width": 0.8,
    "height": 0.6,
    "safety_margin": 0.2
  },
  "start_position": [
    -4.21698899493547,
    -3.1798562187471298,
    0.0
  ],
  "goal_position": [
    2.0760172598185758,
    2.8291225514949243,
    0.5661269944149411
  ],
  "expected_difficulty": "hard",
  "created_at": "2025-10-17T19:37:20.319568",
  "checksum": "8baa47038a293b8a"
}