{
  "scenario_id": 88,
  "name": "narrow_passage_08",
  "description": "\u72ed\u3044\u901a\u8def\u3067\u306e\u7cbe\u5bc6\u5236\u5fa1\u8a55\u4fa1 \uff08\u969c\u5bb3\u7269\u5bc6\u5ea6: 0.60, \u6700\u5927\u52fe\u914d: 12.4\u5ea6, \u7c97\u3055: 0.42\uff09",
  "terrain_params": {
    "terrain_type": "narrow_passage",
    "size_x": 10.0,
    "size_y": 10.0,
    "size_z": 2.0,
    "obstacle_density": 0.5966360019778807,
    "max_slope": 12.371053051751081,
    "roughness": 0.42388958730124193,
    "narrow_passage_width": 1.7482341760065734,
    "difficulty": "hard"
  },
  "robot_params": {
    "max_slope_capability": 30.0,
    "width": 0.8,
    "height": 0.6,
    "safety_margin": 0.2
  },
  "start_position": [
    -2.7180895975929587,
    -4.2827905624042435,
    0.0
  ],
  "goal_position": [
    3.609032936535508,
    2.377487449386313,
    2.1223241918673312
  ],
  "expected_difficulty": "hard",
  "created_at": "2025-10-17T19:37:20.319813",
  "checksum": "f1ea08e75b39850c"
}