{
  "scenario_id": 18,
  "name": "gentle_slope_08",
  "description": "\u7de9\u3084\u304b\u306a\u659c\u9762\u3067\u306e\u79fb\u52d5\u6027\u80fd\u8a55\u4fa1 \uff08\u969c\u5bb3\u7269\u5bc6\u5ea6: 0.11, \u6700\u5927\u52fe\u914d: 15.7\u5ea6, \u7c97\u3055: 0.34\uff09",
  "terrain_params": {
    "terrain_type": "gentle_slope",
    "size_x": 10.0,
    "size_y": 10.0,
    "size_z": 3.0,
    "obstacle_density": 0.1064804185604514,
    "max_slope": 15.662472934105331,
    "roughness": 0.34347588560196163,
    "narrow_passage_width": 4.0,
    "difficulty": "easy"
  },
  "robot_params": {
    "max_slope_capability": 30.0,
    "width": 0.8,
    "height": 0.6,
    "safety_margin": 0.2
  },
  "start_position": [
    -3.2693036133191082,
    -2.184996888512202,
    0.0
  ],
  "goal_position": [
    4.286031727132304,
    2.88073738601393,
    0.44847393997754115
  ],
  "expected_difficulty": "easy",
  "created_at": "2025-10-17T19:37:20.317243",
  "checksum": "20bb88acdea8fa9f"
}