{
  "scenario_id": 70,
  "name": "obstacle_field_10",
  "description": "\u9ad8\u5bc6\u5ea6\u969c\u5bb3\u7269\u74b0\u5883\u3067\u306e\u56de\u907f\u80fd\u529b\u8a55\u4fa1 \uff08\u969c\u5bb3\u7269\u5bc6\u5ea6: 0.42, \u6700\u5927\u52fe\u914d: 5.3\u5ea6, \u7c97\u3055: 0.35\uff09",
  "terrain_params": {
    "terrain_type": "obstacle_field",
    "size_x": 10.0,
    "size_y": 10.0,
    "size_z": 2.0,
    "obstacle_density": 0.42305344338154505,
    "max_slope": 5.292820557113912,
    "roughness": 0.35413537746484935,
    "narrow_passage_width": 2.5,
    "difficulty": "medium"
  },
  "robot_params": {
    "max_slope_capability": 30.0,
    "width": 0.8,
    "height": 0.6,
    "safety_margin": 0.2
  },
  "start_position": [
    -2.219567047802475,
    -2.9304805883385003,
    0.0
  ],
  "goal_position": [
    3.1223546844486814,
    3.1880589543360784,
    0.4371915429580492
  ],
  "expected_difficulty": "medium",
  "created_at": "2025-10-17T19:37:20.319187",
  "checksum": "9c88dfe246ce4c83"
}