{
  "scenario_id": 91,
  "name": "complex_3d_01",
  "description": "\u8907\u96d1\u306a3D\u5730\u5f62\u3067\u306e\u7dcf\u5408\u6027\u80fd\u8a55\u4fa1 \uff08\u969c\u5bb3\u7269\u5bc6\u5ea6: 0.33, \u6700\u5927\u52fe\u914d: 26.6\u5ea6, \u7c97\u3055: 0.63\uff09",
  "terrain_params": {
    "terrain_type": "complex_3d",
    "size_x": 15.0,
    "size_y": 15.0,
    "size_z": 6.0,
    "obstacle_density": 0.33397025895041454,
    "max_slope": 26.6132777370285,
    "roughness": 0.6294325363207839,
    "narrow_passage_width": 2.9502506843950744,
    "difficulty": "hard"
  },
  "robot_params": {
    "max_slope_capability": 30.0,
    "width": 0.8,
    "height": 0.6,
    "safety_margin": 0.2
  },
  "start_position": [
    -3.523067253292454,
    -2.2684506932134645,
    0.0
  ],
  "goal_position": [
    4.181004049250621,
    3.935458835808837,
    1.729925837246237
  ],
  "expected_difficulty": "medium",
  "created_at": "2025-10-17T19:37:20.319921",
  "checksum": "08c80269efb45a4c"
}