{
  "scenario_id": 74,
  "name": "obstacle_field_14",
  "description": "\u9ad8\u5bc6\u5ea6\u969c\u5bb3\u7269\u74b0\u5883\u3067\u306e\u56de\u907f\u80fd\u529b\u8a55\u4fa1 \uff08\u969c\u5bb3\u7269\u5bc6\u5ea6: 0.30, \u6700\u5927\u52fe\u914d: 5.4\u5ea6, \u7c97\u3055: 0.36\uff09",
  "terrain_params": {
    "terrain_type": "obstacle_field",
    "size_x": 10.0,
    "size_y": 10.0,
    "size_z": 2.0,
    "obstacle_density": 0.3000178242667716,
    "max_slope": 5.409801027298981,
    "roughness": 0.36136489120125087,
    "narrow_passage_width": 2.5,
    "difficulty": "medium"
  },
  "robot_params": {
    "max_slope_capability": 30.0,
    "width": 0.8,
    "height": 0.6,
    "safety_margin": 0.2
  },
  "start_position": [
    -2.5396670816550886,
    -2.157293544405674,
    0.0
  ],
  "goal_position": [
    3.181094504963611,
    3.5932037657154785,
    1.3306706864541475
  ],
  "expected_difficulty": "medium",
  "created_at": "2025-10-17T19:37:20.319322",
  "checksum": "526b8eca869a134d"
}