{
  "scenario_id": 10,
  "name": "gentle_slope_00",
  "description": "\u7de9\u3084\u304b\u306a\u659c\u9762\u3067\u306e\u79fb\u52d5\u6027\u80fd\u8a55\u4fa1 \uff08\u969c\u5bb3\u7269\u5bc6\u5ea6: 0.09, \u6700\u5927\u52fe\u914d: 11.0\u5ea6, \u7c97\u3055: 0.24\uff09",
  "terrain_params": {
    "terrain_type": "gentle_slope",
    "size_x": 10.0,
    "size_y": 10.0,
    "size_z": 3.0,
    "obstacle_density": 0.09252361439873502,
    "max_slope": 10.990329038488685,
    "roughness": 0.23806912613549167,
    "narrow_passage_width": 4.0,
    "difficulty": "easy"
  },
  "robot_params": {
    "max_slope_capability": 30.0,
    "width": 0.8,
    "height": 0.6,
    "safety_margin": 0.2
  },
  "start_position": [
    -2.3955678527122455,
    -4.491964057279487,
    0.0
  ],
  "goal_position": [
    2.308717804587709,
    2.967919221708633,
    1.6446052092825005
  ],
  "expected_difficulty": "easy",
  "created_at": "2025-10-17T19:37:20.316949",
  "checksum": "bd8863814265db7a"
}