{
  "scenario_id": 62,
  "name": "obstacle_field_02",
  "description": "\u9ad8\u5bc6\u5ea6\u969c\u5bb3\u7269\u74b0\u5883\u3067\u306e\u56de\u907f\u80fd\u529b\u8a55\u4fa1 \uff08\u969c\u5bb3\u7269\u5bc6\u5ea6: 0.49, \u6700\u5927\u52fe\u914d: 7.5\u5ea6, \u7c97\u3055: 0.21\uff09",
  "terrain_params": {
    "terrain_type": "obstacle_field",
    "size_x": 10.0,
    "size_y": 10.0,
    "size_z": 2.0,
    "obstacle_density": 0.48926567885762984,
    "max_slope": 7.527864996620312,
    "roughness": 0.20536936524305596,
    "narrow_passage_width": 2.5,
    "difficulty": "medium"
  },
  "robot_params": {
    "max_slope_capability": 30.0,
    "width": 0.8,
    "height": 0.6,
    "safety_margin": 0.2
  },
  "start_position": [
    -4.162054629354734,
    -2.1958188270444343,
    0.0
  ],
  "goal_position": [
    4.291107584625185,
    2.8449059294054106,
    0.13406039091246352
  ],
  "expected_difficulty": "medium",
  "created_at": "2025-10-17T19:37:20.318919",
  "checksum": "c0f354e2c2a0e864"
}