{
  "scenario_id": 67,
  "name": "obstacle_field_07",
  "description": "\u9ad8\u5bc6\u5ea6\u969c\u5bb3\u7269\u74b0\u5883\u3067\u306e\u56de\u907f\u80fd\u529b\u8a55\u4fa1 \uff08\u969c\u5bb3\u7269\u5bc6\u5ea6: 0.47, \u6700\u5927\u52fe\u914d: 7.3\u5ea6, \u7c97\u3055: 0.39\uff09",
  "terrain_params": {
    "terrain_type": "obstacle_field",
    "size_x": 10.0,
    "size_y": 10.0,
    "size_z": 2.0,
    "obstacle_density": 0.46758439699603027,
    "max_slope": 7.277416488104076,
    "roughness": 0.3871439820939988,
    "narrow_passage_width": 2.5,
    "difficulty": "medium"
  },
  "robot_params": {
    "max_slope_capability": 30.0,
    "width": 0.8,
    "height": 0.6,
    "safety_margin": 0.2
  },
  "start_position": [
    -4.105676593016656,
    -2.2904904589350283,
    0.0
  ],
  "goal_position": [
    4.127259993037308,
    3.725844037088161,
    0.32277269904470385
  ],
  "expected_difficulty": "medium",
  "created_at": "2025-10-17T19:37:20.319086",
  "checksum": "a9965d84343c046f"
}