{
  "scenario_id": 94,
  "name": "complex_3d_04",
  "description": "\u8907\u96d1\u306a3D\u5730\u5f62\u3067\u306e\u7dcf\u5408\u6027\u80fd\u8a55\u4fa1 \uff08\u969c\u5bb3\u7269\u5bc6\u5ea6: 0.35, \u6700\u5927\u52fe\u914d: 20.8\u5ea6, \u7c97\u3055: 0.54\uff09",
  "terrain_params": {
    "terrain_type": "complex_3d",
    "size_x": 15.0,
    "size_y": 15.0,
    "size_z": 6.0,
    "obstacle_density": 0.34659097741884237,
    "max_slope": 20.810346579370577,
    "roughness": 0.5406208001127437,
    "narrow_passage_width": 2.716734311867571,
    "difficulty": "hard"
  },
  "robot_params": {
    "max_slope_capability": 30.0,
    "width": 0.8,
    "height": 0.6,
    "safety_margin": 0.2
  },
  "start_position": [
    -3.4656138258449287,
    -3.265501470452743,
    0.0
  ],
  "goal_position": [
    2.2181330925276557,
    4.19841181180197,
    0.18582670578704136
  ],
  "expected_difficulty": "medium",
  "created_at": "2025-10-17T19:37:20.320030",
  "checksum": "7b68fe7a50e54f95"
}