{
  "scenario_id": 25,
  "name": "steep_slope_00",
  "description": "\u6025\u659c\u9762\u3067\u306e\u767b\u5742\u80fd\u529b\u8a55\u4fa1 \uff08\u969c\u5bb3\u7269\u5bc6\u5ea6: 0.18, \u6700\u5927\u52fe\u914d: 27.4\u5ea6, \u7c97\u3055: 0.56\uff09",
  "terrain_params": {
    "terrain_type": "steep_slope",
    "size_x": 10.0,
    "size_y": 10.0,
    "size_z": 5.0,
    "obstacle_density": 0.17777024105738204,
    "max_slope": 27.375412200349125,
    "roughness": 0.5648557065322737,
    "narrow_passage_width": 3.0,
    "difficulty": "medium"
  },
  "robot_params": {
    "max_slope_capability": 30.0,
    "width": 0.8,
    "height": 0.6,
    "safety_margin": 0.2
  },
  "start_position": [
    -2.0856270048925007,
    -2.0684972152377665,
    0.0
  ],
  "goal_position": [
    3.1336231185432806,
    3.522606156903195,
    1.9388162865121168
  ],
  "expected_difficulty": "easy",
  "created_at": "2025-10-17T19:37:20.317504",
  "checksum": "1655031188270e4f"
}