{
  "scenario_id": 17,
  "name": "gentle_slope_07",
  "description": "\u7de9\u3084\u304b\u306a\u659c\u9762\u3067\u306e\u79fb\u52d5\u6027\u80fd\u8a55\u4fa1 \uff08\u969c\u5bb3\u7269\u5bc6\u5ea6: 0.13, \u6700\u5927\u52fe\u914d: 15.0\u5ea6, \u7c97\u3055: 0.35\uff09",
  "terrain_params": {
    "terrain_type": "gentle_slope",
    "size_x": 10.0,
    "size_y": 10.0,
    "size_z": 3.0,
    "obstacle_density": 0.12718048643212312,
    "max_slope": 15.031370091155775,
    "roughness": 0.3509020374087103,
    "narrow_passage_width": 4.0,
    "difficulty": "easy"
  },
  "robot_params": {
    "max_slope_capability": 30.0,
    "width": 0.8,
    "height": 0.6,
    "safety_margin": 0.2
  },
  "start_position": [
    -2.0971494477193837,
    -3.9274575083865955,
    0.0
  ],
  "goal_position": [
    3.300580342694635,
    3.213878065837683,
    0.6900454591306665
  ],
  "expected_difficulty": "easy",
  "created_at": "2025-10-17T19:37:20.317206",
  "checksum": "cb8d2cac448a0c06"
}