{
  "scenario_id": 80,
  "name": "narrow_passage_00",
  "description": "\u72ed\u3044\u901a\u8def\u3067\u306e\u7cbe\u5bc6\u5236\u5fa1\u8a55\u4fa1 \uff08\u969c\u5bb3\u7269\u5bc6\u5ea6: 0.46, \u6700\u5927\u52fe\u914d: 16.8\u5ea6, \u7c97\u3055: 0.37\uff09",
  "terrain_params": {
    "terrain_type": "narrow_passage",
    "size_x": 10.0,
    "size_y": 10.0,
    "size_z": 2.0,
    "obstacle_density": 0.46322860770539503,
    "max_slope": 16.80158429718921,
    "roughness": 0.3654860335360319,
    "narrow_passage_width": 1.7721908391951158,
    "difficulty": "hard"
  },
  "robot_params": {
    "max_slope_capability": 30.0,
    "width": 0.8,
    "height": 0.6,
    "safety_margin": 0.2
  },
  "start_position": [
    -2.1540443839541443,
    -3.574855403611094,
    0.0
  ],
  "goal_position": [
    3.9988367253760373,
    2.9552263433000396,
    1.4440867442708942
  ],
  "expected_difficulty": "hard",
  "created_at": "2025-10-17T19:37:20.319530",
  "checksum": "1c59ba8afad6e4a5"
}