{
  "scenario_id": 36,
  "name": "steep_slope_11",
  "description": "\u6025\u659c\u9762\u3067\u306e\u767b\u5742\u80fd\u529b\u8a55\u4fa1 \uff08\u969c\u5bb3\u7269\u5bc6\u5ea6: 0.11, \u6700\u5927\u52fe\u914d: 26.7\u5ea6, \u7c97\u3055: 0.59\uff09",
  "terrain_params": {
    "terrain_type": "steep_slope",
    "size_x": 10.0,
    "size_y": 10.0,
    "size_z": 5.0,
    "obstacle_density": 0.11046721229511176,
    "max_slope": 26.724410234912366,
    "roughness": 0.5913009692413671,
    "narrow_passage_width": 3.0,
    "difficulty": "medium"
  },
  "robot_params": {
    "max_slope_capability": 30.0,
    "width": 0.8,
    "height": 0.6,
    "safety_margin": 0.2
  },
  "start_position": [
    -4.113889130166998,
    -2.606416275946914,
    0.0
  ],
  "goal_position": [
    4.138935067471744,
    3.0329438706251977,
    1.2087794819705522
  ],
  "expected_difficulty": "easy",
  "created_at": "2025-10-17T19:37:20.317919",
  "checksum": "ca8f9b45514ae395"
}