{
  "scenario_id": 5,
  "name": "flat_terrain_05",
  "description": "\u5e73\u5766\u306a\u5730\u5f62\u3067\u306e\u30d9\u30fc\u30b9\u30e9\u30a4\u30f3\u8a55\u4fa1 \uff08\u969c\u5bb3\u7269\u5bc6\u5ea6: 0.00, \u6700\u5927\u52fe\u914d: 1.0\u5ea6, \u7c97\u3055: 0.07\uff09",
  "terrain_params": {
    "terrain_type": "flat_terrain",
    "size_x": 10.0,
    "size_y": 10.0,
    "size_z": 0.5,
    "obstacle_density": 0.0026624681992599153,
    "max_slope": 1.010728429229193,
    "roughness": 0.06601470249319208,
    "narrow_passage_width": 5.0,
    "difficulty": "easy"
  },
  "robot_params": {
    "max_slope_capability": 30.0,
    "width": 0.8,
    "height": 0.6,
    "safety_margin": 0.2
  },
  "start_position": [
    -2.9831339108552815,
    -2.5866633715101464,
    0.0
  ],
  "goal_position": [
    3.544239626173738,
    2.1824285527687866,
    0.7562618503588853
  ],
  "expected_difficulty": "easy",
  "created_at": "2025-10-17T19:37:20.316758",
  "checksum": "d348de2c54fb97b2"
}