{
  "scenario_id": 56,
  "name": "mixed_terrain_16",
  "description": "\u591a\u69d8\u306a\u5730\u5f62\u8981\u7d20\u304c\u6df7\u5728\u3059\u308b\u74b0\u5883\u3067\u306e\u9069\u5fdc\u6027\u8a55\u4fa1 \uff08\u969c\u5bb3\u7269\u5bc6\u5ea6: 0.21, \u6700\u5927\u52fe\u914d: 27.7\u5ea6, \u7c97\u3055: 0.48\uff09",
  "terrain_params": {
    "terrain_type": "mixed_terrain",
    "size_x": 12.0,
    "size_y": 12.0,
    "size_z": 4.0,
    "obstacle_density": 0.210147099260449,
    "max_slope": 27.73988613020749,
    "roughness": 0.48110550130967045,
    "narrow_passage_width": 3.5,
    "difficulty": "medium"
  },
  "robot_params": {
    "max_slope_capability": 30.0,
    "width": 0.8,
    "height": 0.6,
    "safety_margin": 0.2
  },
  "start_position": [
    -3.0007778066285207,
    -2.1822047570432055,
    0.0
  ],
  "goal_position": [
    4.088753896884516,
    2.6125087576933677,
    1.7809299155312943
  ],
  "expected_difficulty": "medium",
  "created_at": "2025-10-17T19:37:20.318707",
  "checksum": "e471c5e3086ef325"
}