{
  "scenario_id": 11,
  "name": "gentle_slope_01",
  "description": "\u7de9\u3084\u304b\u306a\u659c\u9762\u3067\u306e\u79fb\u52d5\u6027\u80fd\u8a55\u4fa1 \uff08\u969c\u5bb3\u7269\u5bc6\u5ea6: 0.05, \u6700\u5927\u52fe\u914d: 11.3\u5ea6, \u7c97\u3055: 0.29\uff09",
  "terrain_params": {
    "terrain_type": "gentle_slope",
    "size_x": 10.0,
    "size_y": 10.0,
    "size_z": 3.0,
    "obstacle_density": 0.054831380703616456,
    "max_slope": 11.344404392282932,
    "roughness": 0.29461728680038524,
    "narrow_passage_width": 4.0,
    "difficulty": "easy"
  },
  "robot_params": {
    "max_slope_capability": 30.0,
    "width": 0.8,
    "height": 0.6,
    "safety_margin": 0.2
  },
  "start_position": [
    -4.11555795976771,
    -4.03910084622301,
    0.0
  ],
  "goal_position": [
    3.5572166489164876,
    2.3882607719396676,
    1.7038132330269935
  ],
  "expected_difficulty": "easy",
  "created_at": "2025-10-17T19:37:20.316986",
  "checksum": "343f96d18a7a8060"
}