{
  "scenario_id": 2,
  "name": "flat_terrain_02",
  "description": "\u5e73\u5766\u306a\u5730\u5f62\u3067\u306e\u30d9\u30fc\u30b9\u30e9\u30a4\u30f3\u8a55\u4fa1 \uff08\u969c\u5bb3\u7269\u5bc6\u5ea6: 0.09, \u6700\u5927\u52fe\u914d: 4.4\u5ea6, \u7c97\u3055: 0.12\uff09",
  "terrain_params": {
    "terrain_type": "flat_terrain",
    "size_x": 10.0,
    "size_y": 10.0,
    "size_z": 0.5,
    "obstacle_density": 0.08760745862477891,
    "max_slope": 4.406013473066412,
    "roughness": 0.12128029634075961,
    "narrow_passage_width": 5.0,
    "difficulty": "easy"
  },
  "robot_params": {
    "max_slope_capability": 30.0,
    "width": 0.8,
    "height": 0.6,
    "safety_margin": 0.2
  },
  "start_position": [
    -2.8478846855969953,
    -2.036764180981987,
    0.0
  ],
  "goal_position": [
    4.171589529424688,
    4.112066957721021,
    0.9157525636990447
  ],
  "expected_difficulty": "easy",
  "created_at": "2025-10-17T19:37:20.316634",
  "checksum": "6617b5587cda10d4"
}