{
  "scenario_id": 37,
  "name": "steep_slope_12",
  "description": "\u6025\u659c\u9762\u3067\u306e\u767b\u5742\u80fd\u529b\u8a55\u4fa1 \uff08\u969c\u5bb3\u7269\u5bc6\u5ea6: 0.11, \u6700\u5927\u52fe\u914d: 28.1\u5ea6, \u7c97\u3055: 0.55\uff09",
  "terrain_params": {
    "terrain_type": "steep_slope",
    "size_x": 10.0,
    "size_y": 10.0,
    "size_z": 5.0,
    "obstacle_density": 0.1066040302208797,
    "max_slope": 28.1107659772003,
    "roughness": 0.5494628366816461,
    "narrow_passage_width": 3.0,
    "difficulty": "medium"
  },
  "robot_params": {
    "max_slope_capability": 30.0,
    "width": 0.8,
    "height": 0.6,
    "safety_margin": 0.2
  },
  "start_position": [
    -3.0768787477748076,
    -2.6378711374950115,
    0.0
  ],
  "goal_position": [
    3.8835020548262564,
    3.956456655699264,
    0.28278190393472236
  ],
  "expected_difficulty": "easy",
  "created_at": "2025-10-17T19:37:20.317956",
  "checksum": "434b1fdf3a079f16"
}