{
  "scenario_id": 4,
  "name": "flat_terrain_04",
  "description": "\u5e73\u5766\u306a\u5730\u5f62\u3067\u306e\u30d9\u30fc\u30b9\u30e9\u30a4\u30f3\u8a55\u4fa1 \uff08\u969c\u5bb3\u7269\u5bc6\u5ea6: 0.04, \u6700\u5927\u52fe\u914d: 2.3\u5ea6, \u7c97\u3055: 0.19\uff09",
  "terrain_params": {
    "terrain_type": "flat_terrain",
    "size_x": 10.0,
    "size_y": 10.0,
    "size_z": 0.5,
    "obstacle_density": 0.04399898069560283,
    "max_slope": 2.330639089091439,
    "roughness": 0.18742657326534168,
    "narrow_passage_width": 5.0,
    "difficulty": "easy"
  },
  "robot_params": {
    "max_slope_capability": 30.0,
    "width": 0.8,
    "height": 0.6,
    "safety_margin": 0.2
  },
  "start_position": [
    -3.032581602489466,
    -2.1564128804489817,
    0.0
  ],
  "goal_position": [
    2.444547983258112,
    2.5988806734459073,
    1.68243388997245
  ],
  "expected_difficulty": "easy",
  "created_at": "2025-10-17T19:37:20.316713",
  "checksum": "3658a4c404ebda1d"
}