{
  "scenario_id": 76,
  "name": "obstacle_field_16",
  "description": "\u9ad8\u5bc6\u5ea6\u969c\u5bb3\u7269\u74b0\u5883\u3067\u306e\u56de\u907f\u80fd\u529b\u8a55\u4fa1 \uff08\u969c\u5bb3\u7269\u5bc6\u5ea6: 0.41, \u6700\u5927\u52fe\u914d: 14.2\u5ea6, \u7c97\u3055: 0.20\uff09",
  "terrain_params": {
    "terrain_type": "obstacle_field",
    "size_x": 10.0,
    "size_y": 10.0,
    "size_z": 2.0,
    "obstacle_density": 0.41295918225139494,
    "max_slope": 14.214993908816055,
    "roughness": 0.20351632138297904,
    "narrow_passage_width": 2.5,
    "difficulty": "medium"
  },
  "robot_params": {
    "max_slope_capability": 30.0,
    "width": 0.8,
    "height": 0.6,
    "safety_margin": 0.2
  },
  "start_position": [
    -3.4234244228957795,
    -3.9691118894044077,
    0.0
  ],
  "goal_position": [
    3.518208202030094,
    3.086396807378195,
    1.3268825215131388
  ],
  "expected_difficulty": "medium",
  "created_at": "2025-10-17T19:37:20.319391",
  "checksum": "3370b2e70c411b9b"
}