{
  "scenario_id": 45,
  "name": "mixed_terrain_05",
  "description": "\u591a\u69d8\u306a\u5730\u5f62\u8981\u7d20\u304c\u6df7\u5728\u3059\u308b\u74b0\u5883\u3067\u306e\u9069\u5fdc\u6027\u8a55\u4fa1 \uff08\u969c\u5bb3\u7269\u5bc6\u5ea6: 0.21, \u6700\u5927\u52fe\u914d: 15.1\u5ea6, \u7c97\u3055: 0.39\uff09",
  "terrain_params": {
    "terrain_type": "mixed_terrain",
    "size_x": 12.0,
    "size_y": 12.0,
    "size_z": 4.0,
    "obstacle_density": 0.21262122452503038,
    "max_slope": 15.129767820775857,
    "roughness": 0.38940772693417,
    "narrow_passage_width": 3.5,
    "difficulty": "medium"
  },
  "robot_params": {
    "max_slope_capability": 30.0,
    "width": 0.8,
    "height": 0.6,
    "safety_margin": 0.2
  },
  "start_position": [
    -4.354929858918795,
    -2.5330927257894924,
    0.0
  ],
  "goal_position": [
    3.4129475358410217,
    2.0924144846301376,
    1.5411804142769188
  ],
  "expected_difficulty": "easy",
  "created_at": "2025-10-17T19:37:20.318309",
  "checksum": "7069d116f9236782"
}