{
  "scenario_id": 71,
  "name": "obstacle_field_11",
  "description": "\u9ad8\u5bc6\u5ea6\u969c\u5bb3\u7269\u74b0\u5883\u3067\u306e\u56de\u907f\u80fd\u529b\u8a55\u4fa1 \uff08\u969c\u5bb3\u7269\u5bc6\u5ea6: 0.49, \u6700\u5927\u52fe\u914d: 9.1\u5ea6, \u7c97\u3055: 0.31\uff09",
  "terrain_params": {
    "terrain_type": "obstacle_field",
    "size_x": 10.0,
    "size_y": 10.0,
    "size_z": 2.0,
    "obstacle_density": 0.48605367759098767,
    "max_slope": 9.088385919156448,
    "roughness": 0.30737441285974143,
    "narrow_passage_width": 2.5,
    "difficulty": "medium"
  },
  "robot_params": {
    "max_slope_capability": 30.0,
    "width": 0.8,
    "height": 0.6,
    "safety_margin": 0.2
  },
  "start_position": [
    -2.700268747382155,
    -2.3324959533269536,
    0.0
  ],
  "goal_position": [
    3.704405147255912,
    3.110738068194399,
    1.46763182052564
  ],
  "expected_difficulty": "medium",
  "created_at": "2025-10-17T19:37:20.319221",
  "checksum": "5b12d4cc3f902d76"
}