{
  "scenario_id": 61,
  "name": "obstacle_field_01",
  "description": "\u9ad8\u5bc6\u5ea6\u969c\u5bb3\u7269\u74b0\u5883\u3067\u306e\u56de\u907f\u80fd\u529b\u8a55\u4fa1 \uff08\u969c\u5bb3\u7269\u5bc6\u5ea6: 0.41, \u6700\u5927\u52fe\u914d: 11.1\u5ea6, \u7c97\u3055: 0.22\uff09",
  "terrain_params": {
    "terrain_type": "obstacle_field",
    "size_x": 10.0,
    "size_y": 10.0,
    "size_z": 2.0,
    "obstacle_density": 0.41437678823376106,
    "max_slope": 11.092144305596577,
    "roughness": 0.22199035944102052,
    "narrow_passage_width": 2.5,
    "difficulty": "medium"
  },
  "robot_params": {
    "max_slope_capability": 30.0,
    "width": 0.8,
    "height": 0.6,
    "safety_margin": 0.2
  },
  "start_position": [
    -3.78227262692917,
    -4.038784838475023,
    0.0
  ],
  "goal_position": [
    2.247954621950425,
    3.3115770877973763,
    2.1926623556827125
  ],
  "expected_difficulty": "medium",
  "created_at": "2025-10-17T19:37:20.318883",
  "checksum": "0294981ebf0866b4"
}