{
  "scenario_id": 82,
  "name": "narrow_passage_02",
  "description": "\u72ed\u3044\u901a\u8def\u3067\u306e\u7cbe\u5bc6\u5236\u5fa1\u8a55\u4fa1 \uff08\u969c\u5bb3\u7269\u5bc6\u5ea6: 0.41, \u6700\u5927\u52fe\u914d: 18.4\u5ea6, \u7c97\u3055: 0.37\uff09",
  "terrain_params": {
    "terrain_type": "narrow_passage",
    "size_x": 10.0,
    "size_y": 10.0,
    "size_z": 2.0,
    "obstacle_density": 0.40975874726073996,
    "max_slope": 18.397117505146355,
    "roughness": 0.3706588761253273,
    "narrow_passage_width": 1.7072332763617513,
    "difficulty": "hard"
  },
  "robot_params": {
    "max_slope_capability": 30.0,
    "width": 0.8,
    "height": 0.6,
    "safety_margin": 0.2
  },
  "start_position": [
    -4.202339777898354,
    -4.4073831919453905,
    0.0
  ],
  "goal_position": [
    2.071509615468057,
    2.0283972023259498,
    1.3651248226204171
  ],
  "expected_difficulty": "hard",
  "created_at": "2025-10-17T19:37:20.319604",
  "checksum": "4355c86264d3f825"
}