{
  "scenario_id": 59,
  "name": "mixed_terrain_19",
  "description": "\u591a\u69d8\u306a\u5730\u5f62\u8981\u7d20\u304c\u6df7\u5728\u3059\u308b\u74b0\u5883\u3067\u306e\u9069\u5fdc\u6027\u8a55\u4fa1 \uff08\u969c\u5bb3\u7269\u5bc6\u5ea6: 0.29, \u6700\u5927\u52fe\u914d: 29.7\u5ea6, \u7c97\u3055: 0.37\uff09",
  "terrain_params": {
    "terrain_type": "mixed_terrain",
    "size_x": 12.0,
    "size_y": 12.0,
    "size_z": 4.0,
    "obstacle_density": 0.28522089038473997,
    "max_slope": 29.720537258257025,
    "roughness": 0.3680174426936982,
    "narrow_passage_width": 3.5,
    "difficulty": "medium"
  },
  "robot_params": {
    "max_slope_capability": 30.0,
    "width": 0.8,
    "height": 0.6,
    "safety_margin": 0.2
  },
  "start_position": [
    -3.198897914559523,
    -3.4335870621774887,
    0.0
  ],
  "goal_position": [
    3.918191072228067,
    4.115332794710514,
    0.7743043816137379
  ],
  "expected_difficulty": "medium",
  "created_at": "2025-10-17T19:37:20.318812",
  "checksum": "5638f21353c3bd8b"
}