{
  "scenario_id": 24,
  "name": "gentle_slope_14",
  "description": "\u7de9\u3084\u304b\u306a\u659c\u9762\u3067\u306e\u79fb\u52d5\u6027\u80fd\u8a55\u4fa1 \uff08\u969c\u5bb3\u7269\u5bc6\u5ea6: 0.11, \u6700\u5927\u52fe\u914d: 13.7\u5ea6, \u7c97\u3055: 0.24\uff09",
  "terrain_params": {
    "terrain_type": "gentle_slope",
    "size_x": 10.0,
    "size_y": 10.0,
    "size_z": 3.0,
    "obstacle_density": 0.10715764412243634,
    "max_slope": 13.704259095410798,
    "roughness": 0.23523503977371996,
    "narrow_passage_width": 4.0,
    "difficulty": "easy"
  },
  "robot_params": {
    "max_slope_capability": 30.0,
    "width": 0.8,
    "height": 0.6,
    "safety_margin": 0.2
  },
  "start_position": [
    -2.2570753089293594,
    -4.469035293693638,
    0.0
  ],
  "goal_position": [
    2.3497171661887486,
    2.3253851071308382,
    2.4007065800269967
  ],
  "expected_difficulty": "easy",
  "created_at": "2025-10-17T19:37:20.317466",
  "checksum": "c7b9bc0019176768"
}