{
  "scenario_id": 83,
  "name": "narrow_passage_03",
  "description": "\u72ed\u3044\u901a\u8def\u3067\u306e\u7cbe\u5bc6\u5236\u5fa1\u8a55\u4fa1 \uff08\u969c\u5bb3\u7269\u5bc6\u5ea6: 0.54, \u6700\u5927\u52fe\u914d: 15.8\u5ea6, \u7c97\u3055: 0.40\uff09",
  "terrain_params": {
    "terrain_type": "narrow_passage",
    "size_x": 10.0,
    "size_y": 10.0,
    "size_z": 2.0,
    "obstacle_density": 0.5442731687226109,
    "max_slope": 15.776367109528167,
    "roughness": 0.40374816112914835,
    "narrow_passage_width": 1.2785031159824571,
    "difficulty": "hard"
  },
  "robot_params": {
    "max_slope_capability": 30.0,
    "width": 0.8,
    "height": 0.6,
    "safety_margin": 0.2
  },
  "start_position": [
    -2.3647144599590817,
    -3.533573331837452,
    0.0
  ],
  "goal_position": [
    2.573039316421461,
    3.5995131097219364,
    1.2421426566932379
  ],
  "expected_difficulty": "hard",
  "created_at": "2025-10-17T19:37:20.319639",
  "checksum": "6d3acfcae01ff6c7"
}