{
  "scenario_id": 63,
  "name": "obstacle_field_03",
  "description": "\u9ad8\u5bc6\u5ea6\u969c\u5bb3\u7269\u74b0\u5883\u3067\u306e\u56de\u907f\u80fd\u529b\u8a55\u4fa1 \uff08\u969c\u5bb3\u7269\u5bc6\u5ea6: 0.33, \u6700\u5927\u52fe\u914d: 6.8\u5ea6, \u7c97\u3055: 0.21\uff09",
  "terrain_params": {
    "terrain_type": "obstacle_field",
    "size_x": 10.0,
    "size_y": 10.0,
    "size_z": 2.0,
    "obstacle_density": 0.3258155313222373,
    "max_slope": 6.7862497720743455,
    "roughness": 0.21158083416716755,
    "narrow_passage_width": 2.5,
    "difficulty": "medium"
  },
  "robot_params": {
    "max_slope_capability": 30.0,
    "width": 0.8,
    "height": 0.6,
    "safety_margin": 0.2
  },
  "start_position": [
    -3.7389806791947238,
    -3.4925234401081195,
    0.0
  ],
  "goal_position": [
    2.062707542560511,
    3.212878842254165,
    2.13620724803633
  ],
  "expected_difficulty": "medium",
  "created_at": "2025-10-17T19:37:20.318953",
  "checksum": "76f6f600d0f35c63"
}