{
  "scenario_id": 43,
  "name": "mixed_terrain_03",
  "description": "\u591a\u69d8\u306a\u5730\u5f62\u8981\u7d20\u304c\u6df7\u5728\u3059\u308b\u74b0\u5883\u3067\u306e\u9069\u5fdc\u6027\u8a55\u4fa1 \uff08\u969c\u5bb3\u7269\u5bc6\u5ea6: 0.15, \u6700\u5927\u52fe\u914d: 24.1\u5ea6, \u7c97\u3055: 0.45\uff09",
  "terrain_params": {
    "terrain_type": "mixed_terrain",
    "size_x": 12.0,
    "size_y": 12.0,
    "size_z": 4.0,
    "obstacle_density": 0.15294913415783143,
    "max_slope": 24.111948608479757,
    "roughness": 0.44601259308601593,
    "narrow_passage_width": 3.5,
    "difficulty": "medium"
  },
  "robot_params": {
    "max_slope_capability": 30.0,
    "width": 0.8,
    "height": 0.6,
    "safety_margin": 0.2
  },
  "start_position": [
    -2.4734152347407465,
    -2.941686210314068,
    0.0
  ],
  "goal_position": [
    2.39568918552444,
    4.349349589739434,
    0.46659925382093903
  ],
  "expected_difficulty": "easy",
  "created_at": "2025-10-17T19:37:20.318235",
  "checksum": "6a1da79acd87e0e1"
}