{
  "scenario_id": 60,
  "name": "obstacle_field_00",
  "description": "\u9ad8\u5bc6\u5ea6\u969c\u5bb3\u7269\u74b0\u5883\u3067\u306e\u56de\u907f\u80fd\u529b\u8a55\u4fa1 \uff08\u969c\u5bb3\u7269\u5bc6\u5ea6: 0.39, \u6700\u5927\u52fe\u914d: 12.2\u5ea6, \u7c97\u3055: 0.26\uff09",
  "terrain_params": {
    "terrain_type": "obstacle_field",
    "size_x": 10.0,
    "size_y": 10.0,
    "size_z": 2.0,
    "obstacle_density": 0.3895917150876911,
    "max_slope": 12.242886677749958,
    "roughness": 0.2567614814442256,
    "narrow_passage_width": 2.5,
    "difficulty": "medium"
  },
  "robot_params": {
    "max_slope_capability": 30.0,
    "width": 0.8,
    "height": 0.6,
    "safety_margin": 0.2
  },
  "start_position": [
    -3.339781389945407,
    -2.713024639785089,
    0.0
  ],
  "goal_position": [
    3.6993784219907426,
    2.072429665149532,
    0.9347597425010876
  ],
  "expected_difficulty": "medium",
  "created_at": "2025-10-17T19:37:20.318848",
  "checksum": "f761f4ef18b258cd"
}