{
  "scenario_id": 26,
  "name": "steep_slope_01",
  "description": "\u6025\u659c\u9762\u3067\u306e\u767b\u5742\u80fd\u529b\u8a55\u4fa1 \uff08\u969c\u5bb3\u7269\u5bc6\u5ea6: 0.16, \u6700\u5927\u52fe\u914d: 25.6\u5ea6, \u7c97\u3055: 0.45\uff09",
  "terrain_params": {
    "terrain_type": "steep_slope",
    "size_x": 10.0,
    "size_y": 10.0,
    "size_z": 5.0,
    "obstacle_density": 0.15570385922568358,
    "max_slope": 25.551708634290527,
    "roughness": 0.45279746477145927,
    "narrow_passage_width": 3.0,
    "difficulty": "medium"
  },
  "robot_params": {
    "max_slope_capability": 30.0,
    "width": 0.8,
    "height": 0.6,
    "safety_margin": 0.2
  },
  "start_position": [
    -2.351489562721736,
    -3.4495347439640525,
    0.0
  ],
  "goal_position": [
    2.0557943937949195,
    2.067747086347614,
    0.7078663871152133
  ],
  "expected_difficulty": "easy",
  "created_at": "2025-10-17T19:37:20.317542",
  "checksum": "a96873379823ea6b"
}