{
  "scenario_id": 28,
  "name": "steep_slope_03",
  "description": "\u6025\u659c\u9762\u3067\u306e\u767b\u5742\u80fd\u529b\u8a55\u4fa1 \uff08\u969c\u5bb3\u7269\u5bc6\u5ea6: 0.15, \u6700\u5927\u52fe\u914d: 27.1\u5ea6, \u7c97\u3055: 0.47\uff09",
  "terrain_params": {
    "terrain_type": "steep_slope",
    "size_x": 10.0,
    "size_y": 10.0,
    "size_z": 5.0,
    "obstacle_density": 0.150250231170469,
    "max_slope": 27.067913766456407,
    "roughness": 0.4707374323614335,
    "narrow_passage_width": 3.0,
    "difficulty": "medium"
  },
  "robot_params": {
    "max_slope_capability": 30.0,
    "width": 0.8,
    "height": 0.6,
    "safety_margin": 0.2
  },
  "start_position": [
    -3.4581408652885024,
    -3.556265487772139,
    0.0
  ],
  "goal_position": [
    2.865876583029487,
    3.1315683550720737,
    1.4013343989016218
  ],
  "expected_difficulty": "easy",
  "created_at": "2025-10-17T19:37:20.317617",
  "checksum": "b8bc86d53cffecf5"
}