{
  "scenario_id": 73,
  "name": "obstacle_field_13",
  "description": "\u9ad8\u5bc6\u5ea6\u969c\u5bb3\u7269\u74b0\u5883\u3067\u306e\u56de\u907f\u80fd\u529b\u8a55\u4fa1 \uff08\u969c\u5bb3\u7269\u5bc6\u5ea6: 0.43, \u6700\u5927\u52fe\u914d: 13.1\u5ea6, \u7c97\u3055: 0.38\uff09",
  "terrain_params": {
    "terrain_type": "obstacle_field",
    "size_x": 10.0,
    "size_y": 10.0,
    "size_z": 2.0,
    "obstacle_density": 0.43353308378314614,
    "max_slope": 13.104652911932913,
    "roughness": 0.38206565818550314,
    "narrow_passage_width": 2.5,
    "difficulty": "medium"
  },
  "robot_params": {
    "max_slope_capability": 30.0,
    "width": 0.8,
    "height": 0.6,
    "safety_margin": 0.2
  },
  "start_position": [
    -2.0549176827483207,
    -3.842304431179091,
    0.0
  ],
  "goal_position": [
    3.2899086541266236,
    2.510481133755113,
    0.8210985953302294
  ],
  "expected_difficulty": "medium",
  "created_at": "2025-10-17T19:37:20.319288",
  "checksum": "ac4514336be16d67"
}