{
  "scenario_id": 96,
  "name": "complex_3d_06",
  "description": "\u8907\u96d1\u306a3D\u5730\u5f62\u3067\u306e\u7dcf\u5408\u6027\u80fd\u8a55\u4fa1 \uff08\u969c\u5bb3\u7269\u5bc6\u5ea6: 0.30, \u6700\u5927\u52fe\u914d: 21.9\u5ea6, \u7c97\u3055: 0.53\uff09",
  "terrain_params": {
    "terrain_type": "complex_3d",
    "size_x": 15.0,
    "size_y": 15.0,
    "size_z": 6.0,
    "obstacle_density": 0.29878101012155456,
    "max_slope": 21.9045319971258,
    "roughness": 0.533974726111217,
    "narrow_passage_width": 2.5867261124199517,
    "difficulty": "hard"
  },
  "robot_params": {
    "max_slope_capability": 30.0,
    "width": 0.8,
    "height": 0.6,
    "safety_margin": 0.2
  },
  "start_position": [
    -3.5545490535050686,
    -3.7304343443844807,
    0.0
  ],
  "goal_position": [
    4.056365186923184,
    2.591072528108268,
    1.8783582377564683
  ],
  "expected_difficulty": "medium",
  "created_at": "2025-10-17T19:37:20.320100",
  "checksum": "2352453e0361486c"
}