{
  "scenario_id": 69,
  "name": "obstacle_field_09",
  "description": "\u9ad8\u5bc6\u5ea6\u969c\u5bb3\u7269\u74b0\u5883\u3067\u306e\u56de\u907f\u80fd\u529b\u8a55\u4fa1 \uff08\u969c\u5bb3\u7269\u5bc6\u5ea6: 0.45, \u6700\u5927\u52fe\u914d: 10.2\u5ea6, \u7c97\u3055: 0.26\uff09",
  "terrain_params": {
    "terrain_type": "obstacle_field",
    "size_x": 10.0,
    "size_y": 10.0,
    "size_z": 2.0,
    "obstacle_density": 0.45304345442308974,
    "max_slope": 10.207454617513669,
    "roughness": 0.2563746906758849,
    "narrow_passage_width": 2.5,
    "difficulty": "medium"
  },
  "robot_params": {
    "max_slope_capability": 30.0,
    "width": 0.8,
    "height": 0.6,
    "safety_margin": 0.2
  },
  "start_position": [
    -2.25349423421169,
    -4.151061755213872,
    0.0
  ],
  "goal_position": [
    2.854170867354265,
    3.277508841196983,
    2.1367933488273803
  ],
  "expected_difficulty": "medium",
  "created_at": "2025-10-17T19:37:20.319153",
  "checksum": "de9bde0e3a8f92bb"
}