{
  "scenario_id": 72,
  "name": "obstacle_field_12",
  "description": "\u9ad8\u5bc6\u5ea6\u969c\u5bb3\u7269\u74b0\u5883\u3067\u306e\u56de\u907f\u80fd\u529b\u8a55\u4fa1 \uff08\u969c\u5bb3\u7269\u5bc6\u5ea6: 0.44, \u6700\u5927\u52fe\u914d: 10.0\u5ea6, \u7c97\u3055: 0.34\uff09",
  "terrain_params": {
    "terrain_type": "obstacle_field",
    "size_x": 10.0,
    "size_y": 10.0,
    "size_z": 2.0,
    "obstacle_density": 0.4363872237582723,
    "max_slope": 10.03825305409195,
    "roughness": 0.33842918438960945,
    "narrow_passage_width": 2.5,
    "difficulty": "medium"
  },
  "robot_params": {
    "max_slope_capability": 30.0,
    "width": 0.8,
    "height": 0.6,
    "safety_margin": 0.2
  },
  "start_position": [
    -2.588202033062142,
    -2.984714362588951,
    0.0
  ],
  "goal_position": [
    4.320310697809562,
    3.9892027480727026,
    0.5424392286407109
  ],
  "expected_difficulty": "medium",
  "created_at": "2025-10-17T19:37:20.319255",
  "checksum": "4e1e2583bbc4d6a8"
}