{
  "scenario_id": 92,
  "name": "complex_3d_02",
  "description": "\u8907\u96d1\u306a3D\u5730\u5f62\u3067\u306e\u7dcf\u5408\u6027\u80fd\u8a55\u4fa1 \uff08\u969c\u5bb3\u7269\u5bc6\u5ea6: 0.35, \u6700\u5927\u52fe\u914d: 32.3\u5ea6, \u7c97\u3055: 0.74\uff09",
  "terrain_params": {
    "terrain_type": "complex_3d",
    "size_x": 15.0,
    "size_y": 15.0,
    "size_z": 6.0,
    "obstacle_density": 0.3516268661915088,
    "max_slope": 32.33511921856744,
    "roughness": 0.7427612416134737,
    "narrow_passage_width": 2.5266740250096413,
    "difficulty": "hard"
  },
  "robot_params": {
    "max_slope_capability": 30.0,
    "width": 0.8,
    "height": 0.6,
    "safety_margin": 0.2
  },
  "start_position": [
    -4.466356170359802,
    -3.12000347131901,
    0.0
  ],
  "goal_position": [
    3.3519515482808293,
    3.2577106270004546,
    2.029744729363284
  ],
  "expected_difficulty": "hard",
  "created_at": "2025-10-17T19:37:20.319956",
  "checksum": "bb7494f6bc1a735c"
}