{
  "scenario_id": 55,
  "name": "mixed_terrain_15",
  "description": "\u591a\u69d8\u306a\u5730\u5f62\u8981\u7d20\u304c\u6df7\u5728\u3059\u308b\u74b0\u5883\u3067\u306e\u9069\u5fdc\u6027\u8a55\u4fa1 \uff08\u969c\u5bb3\u7269\u5bc6\u5ea6: 0.26, \u6700\u5927\u52fe\u914d: 25.6\u5ea6, \u7c97\u3055: 0.38\uff09",
  "terrain_params": {
    "terrain_type": "mixed_terrain",
    "size_x": 12.0,
    "size_y": 12.0,
    "size_z": 4.0,
    "obstacle_density": 0.2643275069048175,
    "max_slope": 25.635826256721863,
    "roughness": 0.38087636758687643,
    "narrow_passage_width": 3.5,
    "difficulty": "medium"
  },
  "robot_params": {
    "max_slope_capability": 30.0,
    "width": 0.8,
    "height": 0.6,
    "safety_margin": 0.2
  },
  "start_position": [
    -3.1719663351806755,
    -4.2436957994388305,
    0.0
  ],
  "goal_position": [
    3.757901966020634,
    2.435454777695244,
    2.3601924195893513
  ],
  "expected_difficulty": "medium",
  "created_at": "2025-10-17T19:37:20.318669",
  "checksum": "15ad7313654ef9a5"
}