{
  "scenario_id": 51,
  "name": "mixed_terrain_11",
  "description": "\u591a\u69d8\u306a\u5730\u5f62\u8981\u7d20\u304c\u6df7\u5728\u3059\u308b\u74b0\u5883\u3067\u306e\u9069\u5fdc\u6027\u8a55\u4fa1 \uff08\u969c\u5bb3\u7269\u5bc6\u5ea6: 0.23, \u6700\u5927\u52fe\u914d: 17.8\u5ea6, \u7c97\u3055: 0.46\uff09",
  "terrain_params": {
    "terrain_type": "mixed_terrain",
    "size_x": 12.0,
    "size_y": 12.0,
    "size_z": 4.0,
    "obstacle_density": 0.2274045127461374,
    "max_slope": 17.78933245202667,
    "roughness": 0.45629133598588445,
    "narrow_passage_width": 3.5,
    "difficulty": "medium"
  },
  "robot_params": {
    "max_slope_capability": 30.0,
    "width": 0.8,
    "height": 0.6,
    "safety_margin": 0.2
  },
  "start_position": [
    -2.840085238035337,
    -4.2285844156518255,
    0.0
  ],
  "goal_position": [
    2.9788011590186922,
    3.42413937876408,
    2.1506197652720247
  ],
  "expected_difficulty": "easy",
  "created_at": "2025-10-17T19:37:20.318528",
  "checksum": "953ec43338bec663"
}