{
  "scenario_id": 78,
  "name": "obstacle_field_18",
  "description": "\u9ad8\u5bc6\u5ea6\u969c\u5bb3\u7269\u74b0\u5883\u3067\u306e\u56de\u907f\u80fd\u529b\u8a55\u4fa1 \uff08\u969c\u5bb3\u7269\u5bc6\u5ea6: 0.36, \u6700\u5927\u52fe\u914d: 13.1\u5ea6, \u7c97\u3055: 0.22\uff09",
  "terrain_params": {
    "terrain_type": "obstacle_field",
    "size_x": 10.0,
    "size_y": 10.0,
    "size_z": 2.0,
    "obstacle_density": 0.35872582718314555,
    "max_slope": 13.149155592162412,
    "roughness": 0.21839668210574542,
    "narrow_passage_width": 2.5,
    "difficulty": "medium"
  },
  "robot_params": {
    "max_slope_capability": 30.0,
    "width": 0.8,
    "height": 0.6,
    "safety_margin": 0.2
  },
  "start_position": [
    -2.287838138299257,
    -2.6423070486801885,
    0.0
  ],
  "goal_position": [
    3.9171544549694337,
    2.4766680827591876,
    1.062231113057066
  ],
  "expected_difficulty": "medium",
  "created_at": "2025-10-17T19:37:20.319459",
  "checksum": "f50cd6483a4de4bc"
}