{
  "scenario_id": 87,
  "name": "narrow_passage_07",
  "description": "\u72ed\u3044\u901a\u8def\u3067\u306e\u7cbe\u5bc6\u5236\u5fa1\u8a55\u4fa1 \uff08\u969c\u5bb3\u7269\u5bc6\u5ea6: 0.44, \u6700\u5927\u52fe\u914d: 11.1\u5ea6, \u7c97\u3055: 0.44\uff09",
  "terrain_params": {
    "terrain_type": "narrow_passage",
    "size_x": 10.0,
    "size_y": 10.0,
    "size_z": 2.0,
    "obstacle_density": 0.44396925743824184,
    "max_slope": 11.133934854001204,
    "roughness": 0.44408191684221826,
    "narrow_passage_width": 1.6414561674249684,
    "difficulty": "hard"
  },
  "robot_params": {
    "max_slope_capability": 30.0,
    "width": 0.8,
    "height": 0.6,
    "safety_margin": 0.2
  },
  "start_position": [
    -2.200100904706004,
    -2.5119699254656025,
    0.0
  ],
  "goal_position": [
    2.8184571944747305,
    2.3262501645262943,
    0.8082354454887555
  ],
  "expected_difficulty": "hard",
  "created_at": "2025-10-17T19:37:20.319780",
  "checksum": "0e957e77db30aa0d"
}