{
  "scenario_id": 38,
  "name": "steep_slope_13",
  "description": "\u6025\u659c\u9762\u3067\u306e\u767b\u5742\u80fd\u529b\u8a55\u4fa1 \uff08\u969c\u5bb3\u7269\u5bc6\u5ea6: 0.13, \u6700\u5927\u52fe\u914d: 34.3\u5ea6, \u7c97\u3055: 0.59\uff09",
  "terrain_params": {
    "terrain_type": "steep_slope",
    "size_x": 10.0,
    "size_y": 10.0,
    "size_z": 5.0,
    "obstacle_density": 0.12545204343141528,
    "max_slope": 34.28283768869657,
    "roughness": 0.5876087408085174,
    "narrow_passage_width": 3.0,
    "difficulty": "medium"
  },
  "robot_params": {
    "max_slope_capability": 30.0,
    "width": 0.8,
    "height": 0.6,
    "safety_margin": 0.2
  },
  "start_position": [
    -2.5133014145308605,
    -2.8057518514000694,
    0.0
  ],
  "goal_position": [
    4.4228235901436985,
    2.5093136636916533,
    2.4220398418674276
  ],
  "expected_difficulty": "medium",
  "created_at": "2025-10-17T19:37:20.318042",
  "checksum": "e56c46bf09b4da26"
}