{
  "scenario_id": 99,
  "name": "complex_3d_09",
  "description": "\u8907\u96d1\u306a3D\u5730\u5f62\u3067\u306e\u7dcf\u5408\u6027\u80fd\u8a55\u4fa1 \uff08\u969c\u5bb3\u7269\u5bc6\u5ea6: 0.26, \u6700\u5927\u52fe\u914d: 34.4\u5ea6, \u7c97\u3055: 0.51\uff09",
  "terrain_params": {
    "terrain_type": "complex_3d",
    "size_x": 15.0,
    "size_y": 15.0,
    "size_z": 6.0,
    "obstacle_density": 0.26464488403949454,
    "max_slope": 34.41881655313142,
    "roughness": 0.5066699516096566,
    "narrow_passage_width": 2.8420153500196292,
    "difficulty": "hard"
  },
  "robot_params": {
    "max_slope_capability": 30.0,
    "width": 0.8,
    "height": 0.6,
    "safety_margin": 0.2
  },
  "start_position": [
    -4.047886142293666,
    -3.1830176657229172,
    0.0
  ],
  "goal_position": [
    2.8027111053046214,
    3.7005680838523336,
    1.287202187925438
  ],
  "expected_difficulty": "hard",
  "created_at": "2025-10-17T19:37:20.320203",
  "checksum": "ec736ec173ebb91e"
}