{
  "scenario_id": 31,
  "name": "steep_slope_06",
  "description": "\u6025\u659c\u9762\u3067\u306e\u767b\u5742\u80fd\u529b\u8a55\u4fa1 \uff08\u969c\u5bb3\u7269\u5bc6\u5ea6: 0.15, \u6700\u5927\u52fe\u914d: 28.8\u5ea6, \u7c97\u3055: 0.43\uff09",
  "terrain_params": {
    "terrain_type": "steep_slope",
    "size_x": 10.0,
    "size_y": 10.0,
    "size_z": 5.0,
    "obstacle_density": 0.14705052220879403,
    "max_slope": 28.833304771022746,
    "roughness": 0.43112290666515557,
    "narrow_passage_width": 3.0,
    "difficulty": "medium"
  },
  "robot_params": {
    "max_slope_capability": 30.0,
    "width": 0.8,
    "height": 0.6,
    "safety_margin": 0.2
  },
  "start_position": [
    -3.0800592323107714,
    -4.050329242295092,
    0.0
  ],
  "goal_position": [
    4.1180223324216305,
    2.8386558828713215,
    0.7160532988904383
  ],
  "expected_difficulty": "easy",
  "created_at": "2025-10-17T19:37:20.317730",
  "checksum": "54e357edab35016f"
}