{
  "scenario_id": 20,
  "name": "gentle_slope_10",
  "description": "\u7de9\u3084\u304b\u306a\u659c\u9762\u3067\u306e\u79fb\u52d5\u6027\u80fd\u8a55\u4fa1 \uff08\u969c\u5bb3\u7269\u5bc6\u5ea6: 0.09, \u6700\u5927\u52fe\u914d: 13.1\u5ea6, \u7c97\u3055: 0.23\uff09",
  "terrain_params": {
    "terrain_type": "gentle_slope",
    "size_x": 10.0,
    "size_y": 10.0,
    "size_z": 3.0,
    "obstacle_density": 0.09356359741878754,
    "max_slope": 13.144727760350076,
    "roughness": 0.22684007613817703,
    "narrow_passage_width": 4.0,
    "difficulty": "easy"
  },
  "robot_params": {
    "max_slope_capability": 30.0,
    "width": 0.8,
    "height": 0.6,
    "safety_margin": 0.2
  },
  "start_position": [
    -2.9201677314420227,
    -2.0863436503322115,
    0.0
  ],
  "goal_position": [
    3.6399624624591222,
    2.6216378639270865,
    0.7406281689432681
  ],
  "expected_difficulty": "easy",
  "created_at": "2025-10-17T19:37:20.317319",
  "checksum": "5ac86666e3eca2ac"
}