{
  "scenario_id": 77,
  "name": "obstacle_field_17",
  "description": "\u9ad8\u5bc6\u5ea6\u969c\u5bb3\u7269\u74b0\u5883\u3067\u306e\u56de\u907f\u80fd\u529b\u8a55\u4fa1 \uff08\u969c\u5bb3\u7269\u5bc6\u5ea6: 0.44, \u6700\u5927\u52fe\u914d: 7.3\u5ea6, \u7c97\u3055: 0.25\uff09",
  "terrain_params": {
    "terrain_type": "obstacle_field",
    "size_x": 10.0,
    "size_y": 10.0,
    "size_z": 2.0,
    "obstacle_density": 0.4400540536361266,
    "max_slope": 7.311199890943026,
    "roughness": 0.2473642912543045,
    "narrow_passage_width": 2.5,
    "difficulty": "medium"
  },
  "robot_params": {
    "max_slope_capability": 30.0,
    "width": 0.8,
    "height": 0.6,
    "safety_margin": 0.2
  },
  "start_position": [
    -3.1791832768539803,
    -2.342971060956026,
    0.0
  ],
  "goal_position": [
    2.3802730562336185,
    2.2483503224044448,
    0.2844612923619702
  ],
  "expected_difficulty": "medium",
  "created_at": "2025-10-17T19:37:20.319426",
  "checksum": "c47f728ceb245be2"
}