{
  "scenario_id": 23,
  "name": "gentle_slope_13",
  "description": "\u7de9\u3084\u304b\u306a\u659c\u9762\u3067\u306e\u79fb\u52d5\u6027\u80fd\u8a55\u4fa1 \uff08\u969c\u5bb3\u7269\u5bc6\u5ea6: 0.11, \u6700\u5927\u52fe\u914d: 15.3\u5ea6, \u7c97\u3055: 0.22\uff09",
  "terrain_params": {
    "terrain_type": "gentle_slope",
    "size_x": 10.0,
    "size_y": 10.0,
    "size_z": 3.0,
    "obstacle_density": 0.10644302631066621,
    "max_slope": 15.330223762029869,
    "roughness": 0.2216187216460446,
    "narrow_passage_width": 4.0,
    "difficulty": "easy"
  },
  "robot_params": {
    "max_slope_capability": 30.0,
    "width": 0.8,
    "height": 0.6,
    "safety_margin": 0.2
  },
  "start_position": [
    -2.492712404646138,
    -3.8375547248455275,
    0.0
  ],
  "goal_position": [
    4.00994344454832,
    3.4660189238166352,
    1.264038390182042
  ],
  "expected_difficulty": "easy",
  "created_at": "2025-10-17T19:37:20.317430",
  "checksum": "fd0bad135f3eec0b"
}