{
  "scenario_id": 98,
  "name": "complex_3d_08",
  "description": "\u8907\u96d1\u306a3D\u5730\u5f62\u3067\u306e\u7dcf\u5408\u6027\u80fd\u8a55\u4fa1 \uff08\u969c\u5bb3\u7269\u5bc6\u5ea6: 0.40, \u6700\u5927\u52fe\u914d: 28.6\u5ea6, \u7c97\u3055: 0.57\uff09",
  "terrain_params": {
    "terrain_type": "complex_3d",
    "size_x": 15.0,
    "size_y": 15.0,
    "size_z": 6.0,
    "obstacle_density": 0.39706018805612997,
    "max_slope": 28.64280959411372,
    "roughness": 0.5705846121723358,
    "narrow_passage_width": 2.833797584399952,
    "difficulty": "hard"
  },
  "robot_params": {
    "max_slope_capability": 30.0,
    "width": 0.8,
    "height": 0.6,
    "safety_margin": 0.2
  },
  "start_position": [
    -3.6902962742881797,
    -4.438372593873145,
    0.0
  ],
  "goal_position": [
    2.437665555151629,
    4.110957003360296,
    0.3839994042223563
  ],
  "expected_difficulty": "medium",
  "created_at": "2025-10-17T19:37:20.320168",
  "checksum": "7813ae46921dd0f4"
}