{
  "scenario_id": 84,
  "name": "narrow_passage_04",
  "description": "\u72ed\u3044\u901a\u8def\u3067\u306e\u7cbe\u5bc6\u5236\u5fa1\u8a55\u4fa1 \uff08\u969c\u5bb3\u7269\u5bc6\u5ea6: 0.45, \u6700\u5927\u52fe\u914d: 14.2\u5ea6, \u7c97\u3055: 0.41\uff09",
  "terrain_params": {
    "terrain_type": "narrow_passage",
    "size_x": 10.0,
    "size_y": 10.0,
    "size_z": 2.0,
    "obstacle_density": 0.45436646595556257,
    "max_slope": 14.169890586712798,
    "roughness": 0.4075639414012969,
    "narrow_passage_width": 1.8313980231081963,
    "difficulty": "hard"
  },
  "robot_params": {
    "max_slope_capability": 30.0,
    "width": 0.8,
    "height": 0.6,
    "safety_margin": 0.2
  },
  "start_position": [
    -2.5101515053762373,
    -4.408829459135789,
    0.0
  ],
  "goal_position": [
    3.5744955459587406,
    3.4345271199015115,
    2.1436682120225927
  ],
  "expected_difficulty": "hard",
  "created_at": "2025-10-17T19:37:20.319674",
  "checksum": "dd1d6c6bb2fa9dc9"
}